trade_date,expiry_date,days_to_expiry,stock_price,atm_strike,moneyness,call_bid,call_ask,call_mid,put_bid,put_ask,put_mid,implied_vol,open_interest,volume,call_spread_pct,put_spread_pct,risk_free_rate,liquid,skip_reason
2023-12-15,2024-01-18,34,806.2192993164062,810,0.9953324682918596,13.75,13.95,13.870424773329889,12.45,12.65,12.536601160590692,0.1345148221000084,5948,150,1.441916907869759,1.5953287293585527,0.068,True,
2023-12-18,2024-01-18,31,805.8055419921875,810,0.9948216567804784,12.8,12.95,12.875233446864629,12.3,12.5,12.405146694456164,0.1349540015769564,5110,384,1.1650274196506047,1.6122340583798085,0.068,True,
2023-12-19,2024-01-18,30,804.44287109375,800,1.0055535888671876,17.25,17.5,17.384243877058452,8.35,8.6,8.482611612967276,0.1358554419627555,5910,506,1.4380838290580973,2.9472055471433793,0.068,True,
2023-12-20,2024-01-25,36,806.438232421875,810,0.9956027560763889,14.5,14.7,14.615346721616277,12.65,12.85,12.762743335309608,0.1354518711560086,5290,500,1.368424600589166,1.567061208906992,0.068,True,
2023-12-21,2024-01-25,35,820.892822265625,820,1.001088807641006,17.25,17.5,17.393614126562568,11.1,11.25,11.171336912058962,0.1392222771158767,5763,246,1.437309107704153,1.342722014211943,0.068,True,
2023-12-22,2024-01-25,34,813.1788330078125,810,1.0039244851948304,18.65,18.9,18.782285985530223,10.4,10.55,10.488928681384834,0.1447058978335249,4338,323,1.3310413875744342,1.4300793203619735,0.068,True,
2023-12-26,2024-01-25,30,818.8244018554688,820,0.9985663437261814,15.0,15.25,15.135935070732046,11.65,11.85,11.741303015663505,0.1430709808362069,4894,211,1.6516984172548304,1.7033884546986733,0.068,True,
2023-12-27,2024-02-01,36,828.9718627929688,830,0.9987612804734564,17.25,17.5,17.386871250838226,12.75,12.95,12.866949321476454,0.1450122079075144,4764,271,1.4378665165991118,1.5543699986925084,0.068,True,
2023-12-28,2024-02-01,35,829.9208374023438,830,0.9999046233763178,17.4,17.65,17.541326588226866,12.15,12.3,12.226040883969404,0.144157804592681,5907,387,1.42520577758236,1.2268894029029302,0.068,True,
2023-12-29,2024-02-01,34,831.8676147460938,830,1.0022501382483058,18.15,18.4,18.271346597090822,11.1,11.25,11.162923004137497,0.1431835763929958,5277,407,1.3682625890300015,1.3437340734537306,0.068,True,
2024-01-01,2024-02-01,31,826.4410400390625,830,0.9957120964326054,14.55,14.75,14.650181689082274,13.4,13.6,13.499513123465022,0.1465182402034608,5179,193,1.36517078248282,1.4815349129322064,0.067,True,
2024-01-02,2024-02-01,30,826.927734375,830,0.9962984751506024,14.4,14.65,14.525942311920971,12.95,13.15,13.040084972475029,0.1457378264317243,4863,284,1.7210587418816408,1.533732337037377,0.067,True,
2024-01-03,2024-02-08,36,814.1766357421875,810,1.0051563404224537,20.9,21.2,21.035973088632147,11.45,11.6,11.52432668641643,0.1560881649591284,4512,129,1.4261284644926688,1.3015944799343753,0.067,True,
2024-01-04,2024-02-08,35,822.91259765625,820,1.0035519483612805,20.15,20.45,20.278086542182507,12.0,12.2,12.11415677597074,0.1568332628171171,4858,295,1.479429527909057,1.6509609682178867,0.067,True,
2024-01-05,2024-02-08,34,818.7027587890625,820,0.998417998523247,17.5,17.75,17.639909072673674,13.75,13.95,13.835388505708067,0.1575182934789992,4799,305,1.4172408654151163,1.445568369240121,0.067,True,
2024-01-08,2024-02-08,31,809.577392578125,810,0.9994782624421297,17.35,17.6,17.480731920807216,13.2,13.4,13.307195840863756,0.1630234157464363,4995,229,1.4301460667240509,1.5029462434590524,0.067,True,
2024-01-09,2024-02-08,30,803.2748413085938,800,1.004093551635742,19.15,19.4,19.27011764143225,11.5,11.7,11.60190480084259,0.1654655821301416,5009,357,1.2973454789008687,1.7238548620522578,0.067,True,
2024-01-10,2024-02-15,36,805.92724609375,810,0.994971908757716,17.15,17.4,17.271084900745564,15.9,16.15,16.008828146967403,0.1648660779193583,5522,430,1.447506056722632,1.5616383516950705,0.067,True,
2024-01-11,2024-02-15,35,802.5447998046875,800,1.0031809997558594,19.55,19.85,19.69791127387731,11.95,12.1,12.029860630202675,0.1577562858654425,4482,131,1.5230041187049632,1.2468972385549009,0.067,True,
2024-01-12,2024-02-15,34,798.74853515625,800,0.9984356689453125,17.2,17.45,17.34274995000152,13.5,13.7,13.616886229943589,0.1588164627894824,4441,117,1.4415245605266775,1.4687645664557178,0.067,True,
2024-01-15,2024-02-15,31,814.1279296875,810,1.0050962094907407,20.25,20.55,20.380378506336054,11.55,11.75,11.656305317017598,0.1660622826400899,4583,410,1.4720040646287982,1.7158095516596477,0.067,True,
2024-01-16,2024-02-15,30,817.2183837890625,820,0.9966077851086128,13.5,13.7,13.609770336457018,11.8,12.0,11.8881807270987,0.1363537151860456,4971,191,1.4695325127144252,1.6823431994443538,0.067,True,
2024-01-17,2024-02-22,36,748.279296875,750,0.9977057291666667,28.7,29.15,28.91466350509694,25.5,25.9,25.69554194488569,0.2916565862963584,5888,231,1.5563037761815053,1.5566902650193473,0.067,True,
2024-01-18,2024-02-22,35,723.2879638671875,720,1.004566616482205,31.05,31.55,31.294022703753512,23.2,23.55,23.39513308147764,0.30577161947607,4694,435,1.597749208317754,1.4960376535626674,0.067,True,
2024-01-19,2024-02-22,34,715.744384765625,720,0.9940894232855902,26.6,27.0,26.78160809805348,26.35,26.75,26.55762762500143,0.3061817311469839,5277,428,1.493562292956826,1.5061586285042925,0.067,True,
2024-01-23,2024-02-22,30,694.6708374023438,690,1.0067693295686142,28.8,29.2,29.006058639461457,20.4,20.7,20.545938290771232,0.3109204497037695,5914,185,1.3790222414286106,1.4601426119086218,0.067,True,
2024-01-24,2024-02-29,36,708.5657958984375,710,0.9979799942231514,29.65,30.1,29.88977175227882,26.45,26.85,26.647608485174658,0.3189572016558208,4981,157,1.5055317375104895,1.5010727894120075,0.067,True,
2024-01-25,2024-02-29,35,698.3453979492188,700,0.9976362827845983,28.75,29.2,28.972218546196927,25.95,26.35,26.143976112864436,0.3199450493820463,5380,505,1.5532120858555,1.5299891580117289,0.067,True,
2024-01-29,2024-02-29,31,707.9574584960938,710,0.9971231809804137,27.45,27.85,27.638287438929012,25.45,25.85,25.652110564697978,0.3241504016091319,4568,229,1.4472676749015756,1.5593258846719449,0.067,True,
2024-01-30,2024-02-29,30,702.9202880859375,700,1.004171840122768,28.95,29.4,29.188140866329036,22.25,22.6,22.423652689895164,0.3208837170303625,5418,149,1.5417220372507932,1.560851859597892,0.067,True,
2024-01-31,2024-03-07,36,711.80224609375,710,1.0025383747799297,31.85,32.35,32.08955281117392,25.4,25.8,25.610939348757256,0.3238129219021082,5964,155,1.558139507091837,1.5618326003314351,0.067,True,
2024-02-01,2024-03-07,35,713.651611328125,710,1.005143114546655,32.45,32.95,32.69680220274665,24.3,24.7,24.498305755020567,0.3242414175180975,4655,385,1.529201531390119,1.632765971655099,0.067,True,
2024-02-02,2024-03-07,34,703.820556640625,700,1.0054579380580357,31.75,32.25,31.990987057489747,23.65,24.0,23.81526792353276,0.3253917993188288,4995,317,1.5629402090703537,1.469645443938732,0.067,True,
2024-02-05,2024-03-07,31,703.1878051757812,700,1.0045540073939732,29.95,30.4,30.15222033672751,22.8,23.15,22.992439295177174,0.3249135547139314,4079,209,1.4924274065875935,1.5222395305982728,0.067,True,
2024-02-06,2024-03-07,30,702.8228759765625,700,1.0040326799665178,28.7,29.15,28.923966906858652,22.1,22.4,22.256890839799723,0.3182462111365808,4535,238,1.5558031906518748,1.3478971620938978,0.067,True,
2024-02-07,2024-03-14,36,695.9362182617188,700,0.9941945975167411,27.8,28.2,28.005089240657185,27.25,27.65,27.458367939407992,0.3182955881778897,5701,268,1.428311820621829,1.4567508195777443,0.067,True,
2024-02-08,2024-03-14,35,682.8444213867188,680,1.0041829726275275,30.25,30.7,30.47610917357838,23.1,23.45,23.276924573720574,0.3185887112175277,5390,303,1.4765664390982431,1.503635065240296,0.067,True,
2024-02-09,2024-03-14,34,683.112060546875,680,1.0045765596277574,29.6,30.05,29.840894276459892,22.35,22.65,22.49810445034819,0.3144617385151359,5884,168,1.5079977021834214,1.3334456716657042,0.067,True,
2024-02-12,2024-03-14,31,676.4932250976562,680,0.9948429780847886,24.65,25.05,24.83888409636046,24.3,24.65,24.48716815767142,0.3137585726678913,4046,168,1.6103783022145206,1.4293200330326834,0.067,True,
2024-02-13,2024-03-14,30,678.6588745117188,680,0.9980277566348805,25.35,25.75,25.535755097972128,22.95,23.3,23.142514784056857,0.3139845981226477,5478,416,1.5664310628972309,1.5123680518986655,0.067,True,
2024-02-14,2024-03-21,36,673.5974731445312,670,1.0053693629022855,30.3,30.75,30.529451460432995,22.35,22.7,22.519068263779616,0.313990184431613,5053,232,1.4739865227621651,1.554238372121945,0.067,True,
2024-02-15,2024-03-21,35,688.197998046875,690,0.9973884029664855,28.6,29.0,28.803777771799844,26.0,26.4,26.186975876298504,0.3239248797614585,5701,377,1.3887067285723058,1.5274768720508636,0.067,True,
2024-02-16,2024-03-21,34,691.0451049804688,690,1.00151464489923,29.65,30.1,29.895421872009308,24.35,24.75,24.557371005256243,0.3239712135094443,5172,298,1.5052471978036608,1.628838852149047,0.067,True,
2024-02-19,2024-03-21,31,689.682373046875,690,0.9995396710824276,27.25,27.65,27.46607953883245,23.7,24.05,23.868473138556453,0.3205522878693179,5005,430,1.4563418103936727,1.4663694571841774,0.067,True,
2024-02-20,2024-03-21,30,707.7870483398438,710,0.9968831666758363,27.6,28.0,27.810651731471637,25.95,26.3,26.124486156981447,0.3335516025747271,5164,298,1.4382978286961277,1.3397392694993475,0.067,True,
2024-02-21,2024-03-28,36,700.4137573242188,700,1.0005910818917412,31.5,31.95,31.72320263136436,26.5,26.9,26.69894226761511,0.333436429337569,5046,458,1.4185200820647583,1.4981866921566578,0.067,True,
2024-02-22,2024-03-28,35,690.8748168945312,690,1.0012678505717845,30.9,31.35,31.137951111146037,25.65,26.05,25.844330367988448,0.3343323924561673,4139,312,1.445181792449158,1.547728241763439,0.067,True,
2024-02-23,2024-03-28,34,691.3857421875,690,1.0020083220108695,30.7,31.15,30.908706186895927,25.05,25.4,25.230018113111555,0.3338611349661461,4748,238,1.4559004743808448,1.3872364198506446,0.067,True,
2024-02-26,2024-03-28,31,692.213134765625,690,1.0032074416893115,29.75,30.2,29.95448742588775,23.65,24.0,23.826119306861813,0.3343549563003623,4947,268,1.5022790862750437,1.468976107658468,0.067,True,
2024-02-27,2024-03-28,30,691.1668090820312,690,1.0016910276551179,28.65,29.1,28.88989267225236,23.75,24.1,23.933800643874633,0.3345016792639561,4438,321,1.5576381854551185,1.4623669897140918,0.067,True,
2024-02-28,2024-04-04,36,685.9348754882812,690,0.9941085152004077,28.1,28.5,28.30272507948024,27.6,28.05,27.82321088080477,0.3267895429146973,4416,433,1.413291472381939,1.6173546681143631,0.067,True,
2024-02-29,2024-04-04,35,683.0147094726562,680,1.004433396283318,30.9,31.4,31.15501050590251,23.6,23.95,23.78553782010715,0.3255864091563136,4044,350,1.6048782904607657,1.471482388361741,0.067,True,
2024-03-01,2024-04-04,34,696.3256225585938,700,0.9947508893694197,19.05,19.35,19.206781054683574,18.4,18.65,18.525996002757836,0.2226507907314101,5384,530,1.5619483511884242,1.349455111416327,0.067,True,
2024-03-04,2024-04-04,31,697.2745971679688,700,0.9961065673828124,16.85,17.1,16.96345143970666,15.6,15.85,15.716878405968828,0.2016776890872228,5917,343,1.4737566873615144,1.5906466509600088,0.067,True,
2024-03-05,2024-04-04,30,701.2411499023438,700,1.0017730712890625,18.55,18.85,18.70401612425013,13.5,13.7,13.618666131409952,0.2006627655355033,5178,417,1.6039336044575192,1.4685726052033932,0.067,True,
2024-03-06,2024-04-11,36,702.0928344726562,700,1.0029897635323661,19.25,19.55,19.38327821125938,12.6,12.8,12.679940699072633,0.1805718247090686,5504,202,1.5477258115489276,1.5772944428251814,0.067,True,
2024-03-07,2024-04-11,35,703.7962646484375,700,1.0054232352120536,19.15,19.45,19.292108399537767,10.95,11.1,11.012999266986526,0.1710800056935885,5601,531,1.5550399872685174,1.3620267863782822,0.067,True,
2024-03-11,2024-04-11,31,694.889892578125,690,1.0070868008378624,18.35,18.65,18.486473651228323,9.55,9.85,9.681347719702387,0.1698514555855944,5356,191,1.6228081442674915,3.098742124399403,0.067,True,
2024-03-12,2024-04-11,30,710.3421630859375,710,1.0004819198393486,16.45,16.7,16.57962314973753,12.25,12.45,12.338342829153646,0.1772928549223112,4232,339,1.507875044819446,1.6209632263372469,0.067,True,
2024-03-13,2024-04-18,36,710.755859375,710,1.001064590669014,18.35,18.6,18.47327900551494,12.95,13.15,13.04105226184828,0.1759554606529726,5972,372,1.3533060369269907,1.5336185760492882,0.067,True,
2024-03-14,2024-04-18,35,708.3467407226562,710,0.9976714658065581,16.4,16.65,16.544003747257705,13.55,13.75,13.650377905000312,0.1723924126016349,5264,133,1.5111215145937054,1.4651609017120082,0.067,True,
2024-03-15,2024-04-18,34,706.9840698242188,710,0.9957522110200264,15.4,15.65,15.523536597327222,14.0,14.25,14.122087672729036,0.1722619969596089,5328,490,1.6104577615583031,1.770276504392275,0.067,True,
2024-03-18,2024-04-18,31,703.7719116210938,700,1.005388445172991,17.75,18.0,17.88493498124558,10.05,10.2,10.141047494382748,0.1679519938394287,4422,263,1.3978244833551472,1.4791371412379783,0.067,True,
2024-03-19,2024-04-18,30,705.3779907226562,710,0.9934901277783891,13.1,13.3,13.205486617874044,13.8,14.05,13.928378660571354,0.1680571190519172,4335,233,1.514521999736797,1.7948966357994232,0.067,True,
2024-03-20,2024-04-25,36,696.4716796875,700,0.9949595424107143,15.45,15.65,15.55247538440716,14.35,14.6,14.470292657376715,0.1721128000214764,5918,151,1.2859689217095314,1.7276775661655617,0.067,True,
2024-03-21,2024-04-25,35,703.6258544921875,700,1.0051797921316965,19.15,19.45,19.29057191133768,11.1,11.25,11.181872935036496,0.1722692753039207,4709,127,1.5551638457317132,1.341456846017279,0.067,True,
2024-03-22,2024-04-25,34,702.2145385742188,700,1.0031636265345982,17.2,17.5,17.354772947038327,10.7,10.85,10.785071879487589,0.1624379607445556,4822,151,1.7286310856126592,1.3908113147144554,0.067,True,
2024-03-26,2024-04-25,30,693.7218627929688,690,1.005394004047781,17.15,17.4,17.258226550957545,9.6,9.9,9.74708081164232,0.1668207144228288,4682,123,1.4485845301765907,3.077844595703651,0.067,True,
2024-03-27,2024-05-02,36,701.1680908203125,700,1.001668701171875,17.5,17.75,17.62860843629926,11.75,11.95,11.850014576456315,0.1664119779934447,4054,106,1.418149372954602,1.6877616369971438,0.067,True,
2024-03-28,2024-05-02,35,704.6723022460938,700,1.0066747174944197,19.3,19.6,19.451785813570098,10.2,10.35,10.296639083362663,0.1666795721144627,5156,248,1.5422748475397694,1.4567860326615774,0.067,True,
2024-04-01,2024-05-02,31,715.67138671875,720,0.993988037109375,13.9,14.1,13.982242350347008,14.1,14.35,14.225394741091634,0.1694878949359425,4968,144,1.4303857349106508,1.757420476198437,0.067,True,
2024-04-02,2024-05-02,30,720.367919921875,720,1.000510999891493,15.3,15.5,15.405742702903638,11.0,11.15,11.0837884022323,0.1598775543406136,5827,441,1.2982171898944137,1.3533278925623482,0.067,True,
2024-04-03,2024-05-09,36,721.414306640625,720,1.001964314778646,17.55,17.8,17.657852878458073,11.4,11.6,11.501314540030194,0.1596865762587825,4594,328,1.415800673619785,1.7389316612801222,0.067,True,
2024-04-04,2024-05-09,35,743.4611206054688,740,1.0046771900073903,20.65,21.0,20.82410002737413,12.55,12.7,12.623972395842372,0.1795637112252536,5367,499,1.6807449039330014,1.1882155259575833,0.067,True,
2024-04-05,2024-05-09,34,754.1439208984375,750,1.0055252278645834,20.1,20.4,20.25149802709393,11.35,11.55,11.441331600086528,0.1692469423867454,5837,337,1.4813718945563203,1.7480482778638151,0.067,True,
2024-04-08,2024-05-09,31,752.7081298828125,750,1.00361083984375,18.05,18.3,18.16283120704537,11.1,11.3,11.199012896623174,0.1654903851053074,5230,253,1.3764373910110714,1.7858716821400111,0.067,True,
2024-04-09,2024-05-09,30,753.6572875976562,750,1.0048763834635417,17.7,17.95,17.819378185831454,9.95,10.1,10.043304776928949,0.1583584358827796,5333,289,1.4029670249592665,1.4935322917270613,0.067,True,
2024-04-10,2024-05-16,36,747.7196655273438,750,0.9969595540364583,16.35,16.6,16.45304569038251,13.7,13.9,13.79355547782751,0.1613394499645435,5310,486,1.5194755105198268,1.4499524819506588,0.067,True,
2024-04-12,2024-05-16,34,739.251220703125,740,0.998988136085304,16.8,17.05,16.938939667757722,13.0,13.2,13.08369004311038,0.1663449086218018,5457,318,1.4758893112764333,1.5286207433912382,0.067,True,
2024-04-15,2024-05-16,31,727.4491577148438,730,0.996505695499786,15.4,15.65,15.536803294037044,13.85,14.05,13.945442176319771,0.1743421301715853,4859,207,1.6090826102944156,1.4341603333282145,0.067,True,
2024-04-16,2024-05-16,30,734.5304565429688,730,1.006206104853382,19.0,19.3,19.15963965959844,10.55,10.7,10.620231593683345,0.1735224804521009,4741,437,1.5657914518747702,1.4123985779106265,0.067,True,
2024-04-18,2024-05-23,35,727.4491577148438,730,0.996505695499786,16.75,17.0,16.87577398107021,14.65,14.85,14.7516498756508,0.1759937962750504,5717,296,1.481413535642445,1.355780551232585,0.067,True,
2024-04-19,2024-05-23,34,745.2619018554688,750,0.9936825358072917,16.25,16.5,16.356052214592864,16.3,16.55,16.427904830554326,0.1806561601239502,4477,265,1.5284861941009829,1.5218008783142205,0.067,True,
2024-04-22,2024-05-23,31,735.9661254882812,740,0.9945488182274071,15.85,16.1,15.96776789115313,15.7,15.9,15.802696487630328,0.1856903047136271,5798,187,1.565654020675696,1.265606791578592,0.067,True,
2024-04-23,2024-05-23,30,733.7274169921875,730,1.0051060506742295,19.55,19.85,19.68465231763707,11.85,12.05,11.948283802503228,0.1858297241113078,5089,164,1.5240299658795924,1.673880561475281,0.067,True,
2024-04-24,2024-05-30,36,735.7227783203125,740,0.994219970703125,17.3,17.55,17.422913298553908,16.7,16.95,16.826174622166263,0.1858599396651772,5371,389,1.434892062630822,1.4857803726264556,0.067,True,
2024-04-25,2024-05-30,35,735.260498046875,740,0.9935952676309122,16.75,17.0,16.887377201042796,16.75,17.0,16.88787212810462,0.1859471495701203,4388,155,1.4803956649026735,1.4803522794559336,0.067,True,
2024-04-26,2024-05-30,34,734.7981567382812,730,1.0065728174497004,21.05,21.35,21.20257491912588,11.75,11.95,11.862605866369847,0.1811661787355101,4177,110,1.4149224853316489,1.6859702012606996,0.067,True,
2024-04-29,2024-05-30,31,744.3858642578125,740,1.0059268435916384,19.5,19.8,19.669745992419507,11.0,11.15,11.084935819365455,0.1742032718737141,5939,472,1.5251849216335445,1.353187807708813,0.067,True,
2024-04-30,2024-05-30,30,739.8109741210938,740,0.9997445596230997,16.7,16.95,16.837819845086074,12.85,13.05,12.962977056896024,0.1756242377712425,5975,453,1.4847527904448965,1.5428554653933095,0.067,True,
2024-05-02,2024-06-06,35,745.7242431640625,750,0.9942989908854166,16.35,16.6,16.475790323184583,15.85,16.05,15.948499497571676,0.176049728697912,4149,160,1.5173778926295405,1.2540364692644168,0.067,True,
2024-05-03,2024-06-06,34,739.567626953125,740,0.9994157120988175,18.05,18.3,18.16711375719626,13.9,14.1,13.99545788254892,0.1781470221053128,5712,405,1.3761129221804498,1.4290350603632722,0.067,True,
2024-05-06,2024-06-06,31,741.0520629882812,740,1.0014217067409206,17.85,18.1,17.982614732216632,12.65,12.85,12.731605828693771,0.1772214273064641,4772,255,1.3902316416317042,1.5708937481338812,0.067,True,
2024-05-07,2024-06-06,30,733.021728515625,730,1.004139354130993,18.75,19.0,18.869878165903515,11.75,11.95,11.83919812733228,0.1809351709058494,5330,359,1.3248628200034256,1.6893035985120823,0.067,True,
2024-05-08,2024-06-13,36,721.5845947265625,720,1.0022008260091146,19.7,20.0,19.84036313112557,13.4,13.6,13.513536706760249,0.1831612308068735,4404,219,1.5120690988228969,1.479997459879972,0.067,True,
2024-05-09,2024-06-13,35,704.4776000976562,700,1.0063965715680803,21.55,21.9,21.713589351564735,12.65,12.85,12.7531447697948,0.194950919806864,4176,392,1.6118937976266738,1.5682406466026286,0.067,True,
2024-05-10,2024-06-13,34,709.3616333007812,710,0.9991008919729314,18.7,18.95,18.824900341571208,14.95,15.15,15.045887940410523,0.1958477401231252,5687,431,1.3280282788425848,1.3292668454803347,0.067,True,
2024-05-13,2024-06-13,31,717.9208984375,720,0.9971123589409723,17.15,17.4,17.270827390402587,15.15,15.4,15.264468062397157,0.1949589174226727,4239,416,1.4475276392312575,1.637790448891277,0.067,True,
2024-05-14,2024-06-13,30,720.7328491210938,720,1.001017846001519,18.2,18.45,18.314176742679535,13.55,13.75,13.627293242789449,0.1930606332685437,5576,429,1.365062724427015,1.467642887231655,0.067,True,
2024-05-15,2024-06-20,36,709.6575317382812,710,0.9995176503356074,19.7,20.0,19.831576515542626,15.4,15.6,15.497677408594768,0.1983566681908627,4999,445,1.5127390390011677,1.2905159575013636,0.067,True,
2024-05-16,2024-06-20,35,720.3875122070312,720,1.0005382113986545,20.0,20.3,20.172813130823727,15.05,15.3,15.174375168704216,0.1980396064334521,4545,309,1.4871500472167942,1.647514294464015,0.067,True,
2024-05-17,2024-06-20,34,722.286865234375,720,1.0031762017144097,20.7,21.0,20.85949951086951,14.0,14.2,14.093038569067517,0.197277970364837,4439,145,1.4381936625261602,1.419140372176194,0.067,True,
2024-05-21,2024-06-20,30,719.6722412109375,720,0.9995447794596354,17.95,18.25,18.092740594946974,14.35,14.55,14.466465005213138,0.197521967530542,5543,203,1.6581235906504188,1.3825077510499562,0.067,True,
2024-05-22,2024-06-27,36,719.8695678710938,720,0.999818844265408,18.05,18.35,18.199557275819927,13.5,13.7,13.587757706923355,0.1756179491643559,4203,130,1.6483917463123294,1.4719132053561237,0.067,True,
2024-05-23,2024-06-27,35,736.3468017578125,740,0.9950632456186655,17.1,17.35,17.223126334553967,16.0,16.25,16.137317550678404,0.1834653505201205,5749,173,1.4515367021284429,1.5492041921768476,0.067,True,
2024-05-24,2024-06-27,34,748.4827270507812,750,0.9979769694010416,18.75,19.05,18.89835374837139,15.65,15.85,15.749381169020296,0.1900159693233599,5266,516,1.5874398584895464,1.269891164951978,0.067,True,
2024-05-27,2024-06-27,31,753.6627807617188,750,1.0048837076822916,20.75,21.05,20.911561491398288,12.9,13.1,12.993092302069783,0.1910884370486903,4312,227,1.4346130972734965,1.5392794521142557,0.067,True,
2024-05-28,2024-06-27,30,755.0441284179688,760,0.9934791163394325,15.9,16.1,15.997203647881292,16.65,16.9,16.779372274516334,0.1896648694990675,5591,250,1.2502185031975233,1.4899246283467196,0.067,True,
2024-05-29,2024-07-04,36,744.0921630859375,740,1.0055299501161317,22.45,22.75,22.595220344038808,13.55,13.75,13.629096902026165,0.1916134395558763,4992,299,1.3277144255827025,1.467448661035394,0.067,True,
2024-05-30,2024-07-04,35,747.3234252929688,750,0.9964312337239584,18.05,18.3,18.188241863613996,15.95,16.2,16.06176890909478,0.1855534625086428,5145,391,1.3745143806347269,1.5564910777569496,0.067,True,
2024-05-31,2024-07-04,34,755.5620727539062,760,0.9941606220446135,17.15,17.4,17.26206305006906,16.85,17.1,16.97152816054529,0.1861149085196166,5512,224,1.4482625817949368,1.4730553291081336,0.067,True,
2024-06-03,2024-07-04,31,775.6160278320312,780,0.9943795228615785,17.65,17.9,17.786731212103348,17.6,17.9,17.744787415357905,0.1970442370668766,4352,410,1.4055421258622405,1.690637329024019,0.067,True,
2024-06-04,2024-07-04,30,731.684814453125,730,1.0023079650042808,23.95,24.3,24.11444930091204,18.3,18.55,18.420683324840752,0.2537256669212888,4999,354,1.4514119548513345,1.3571700657970096,0.067,True,
2024-06-05,2024-07-11,36,765.5520629882812,770,0.9942234584263393,27.3,27.7,27.497486591564268,26.65,27.1,26.873870259799276,0.2836304671967727,4238,119,1.4546784073083658,1.6744889948849664,0.067,True,
2024-06-06,2024-07-11,35,769.4493408203125,770,0.999284858208198,28.9,29.35,29.11204263351192,24.55,24.9,24.731572880674207,0.283522549374452,4686,425,1.5457520644119684,1.415195069430847,0.067,True,
2024-06-07,2024-07-11,34,776.183349609375,780,0.9951068584735577,27.15,27.55,27.35995478151085,26.15,26.5,26.32370982242321,0.2842624415708,4238,301,1.4619907203586162,1.3295998260164017,0.067,True,
2024-06-10,2024-07-11,31,770.2387084960938,770,1.000310011033888,27.65,28.05,27.854585550191302,23.05,23.4,23.24670360175156,0.2855168271794914,5075,299,1.436029264478699,1.505589807466838,0.067,True,
2024-06-11,2024-07-11,30,771.9653930664062,770,1.0025524585278003,28.1,28.55,28.31311275829131,21.95,22.3,22.119099592338955,0.2854476922021672,5136,375,1.5893695752976496,1.5823428912143669,0.067,True,
2024-06-12,2024-07-18,36,776.5780029296875,780,0.9956128242688301,28.2,28.65,28.434706958087475,26.5,26.9,26.719286355780127,0.2837507414742874,4635,365,1.5825730177676725,1.4970459714896818,0.067,True,
2024-06-13,2024-07-18,35,779.8340454101562,780,0.9997872377053285,29.4,29.85,29.647137070538008,24.65,25.0,24.817922092369372,0.2829337582482593,5346,514,1.5178531368116237,1.4102711689453404,0.067,True,
2024-06-14,2024-07-18,34,787.80126953125,790,0.997216796875,28.3,28.75,28.51129521773504,25.6,26.0,25.79491372972473,0.2834253444483634,4283,342,1.5783218424958938,1.5506933040797857,0.067,True,
2024-06-18,2024-07-18,30,793.1786499023438,790,1.0040236074713211,29.2,29.6,29.399549031185813,21.7,22.05,21.882444740995993,0.2821150960986126,5193,347,1.3605650874974269,1.5994556556301438,0.067,True,
2024-06-19,2024-07-25,36,817.869873046875,820,0.9974022842035061,31.45,31.95,31.699032856581425,28.2,28.65,28.428284820542103,0.2938035592485886,4471,352,1.5773351895693213,1.582930531478396,0.067,True,
2024-06-20,2024-07-25,35,823.5431518554688,820,1.0043209168969132,33.75,34.3,34.02869593184954,25.05,25.4,25.23421196641891,0.2908518484943048,4928,447,1.6162829192793675,1.3870058651554864,0.067,True,
2024-06-21,2024-07-25,34,821.7671508789062,820,1.0021550620474466,31.75,32.25,32.0057167417425,24.95,25.35,25.136804084933203,0.285513379542824,5320,150,1.5622209120781534,1.5912921891282068,0.067,True,
2024-06-24,2024-07-25,31,825.0478515625,830,0.9940335560993976,25.85,26.2,26.026110773500363,26.05,26.45,26.268630684445725,0.2726163006366289,4560,157,1.3448033132801611,1.5227287817360349,0.067,True,
2024-06-25,2024-07-25,30,844.2631225585938,840,1.0050751459030878,31.1,31.55,31.31279045356996,22.25,22.6,22.436627786380484,0.2774181381749681,5013,278,1.4371124179023622,1.559949219340613,0.067,True,
2024-06-26,2024-08-01,36,839.40380859375,840,0.9992902483258929,31.5,32.0,31.75450315535028,26.6,27.0,26.818090914163577,0.278748526470548,4968,257,1.5745798243288072,1.4915304794822084,0.067,True,
2024-06-27,2024-08-01,35,836.7644653320312,840,0.9961481730143229,29.75,30.2,29.960178065154423,27.6,28.0,27.81629935218666,0.2797837508684808,4544,194,1.5019937432327135,1.4380058070828687,0.067,True,
2024-06-28,2024-08-01,34,830.6718139648438,830,1.0008094144154744,30.55,31.0,30.779856880021384,24.75,25.15,24.944064530226967,0.2755585117204151,4519,327,1.461995102037286,1.6035878976951916,0.067,True,
2024-07-01,2024-08-01,31,841.2291259765625,840,1.0014632452101935,29.65,30.1,29.889036200883368,23.7,24.05,23.893539185398023,0.2749122881559021,5485,478,1.505568787750684,1.4648311298055656,0.067,True,
2024-07-02,2024-08-01,30,853.7597045898438,850,1.0044231818704044,31.0,31.5,31.25321164301897,22.65,23.0,22.825549800429428,0.2761914231644931,5934,521,1.5998355807752158,1.5333694174298342,0.067,True,
2024-07-03,2024-08-08,36,872.5310668945312,870,1.0029092722925645,34.35,34.85,34.61477771167591,26.15,26.55,26.35351418229959,0.2786267231601327,4448,252,1.444469770006193,1.5178241400103794,0.067,True,
2024-07-04,2024-08-08,35,852.0578002929688,850,1.0024209415211398,34.2,34.7,34.44784386039265,26.75,27.15,26.946589551000045,0.2916229502920398,4078,114,1.4514696537361185,1.4844179046960462,0.067,True,
2024-07-05,2024-08-08,34,813.0598754882812,810,1.0037776240596066,35.85,36.4,36.127178015267134,27.8,28.25,28.02775735613039,0.3241195973598678,5564,482,1.5223995623670643,1.6055512193934869,0.067,True,
2024-07-08,2024-08-08,31,806.7698974609375,810,0.9960122190875772,30.75,31.2,30.96853670624938,29.4,29.8,29.60249574349348,0.3232205484110533,5752,394,1.4530877072702963,1.3512374208783418,0.067,True,
2024-07-09,2024-08-08,30,807.3372192382812,810,0.9967126163435571,30.45,30.9,30.681507867711275,28.7,29.1,28.895999953284047,0.3229867537007336,5029,341,1.4666815005972116,1.3842746423265475,0.067,True,
2024-07-10,2024-08-15,36,802.2066040039062,800,1.0027582550048828,36.0,36.55,36.27004840984614,28.6,29.0,28.79429807504789,0.3239630277262113,4730,394,1.5164027182568909,1.3891639204312616,0.067,True,
2024-07-11,2024-08-15,35,800.1345825195312,800,1.000168228149414,34.0,34.5,34.25721798820973,28.8,29.2,28.99938462969135,0.3204544321185403,4431,338,1.459546423682403,1.3793396139532357,0.067,True,
2024-07-12,2024-08-15,34,800.5292358398438,800,1.0006615447998046,33.7,34.2,33.94563783133833,28.25,28.65,28.43907342768659,0.3204485349385736,4377,267,1.4729433056591563,1.406515585035138,0.067,True,
2024-07-15,2024-08-15,31,800.2332763671875,800,1.0002915954589844,31.85,32.3,32.070573017624724,27.1,27.5,27.29789566098691,0.3194655635826379,4351,398,1.403155471380862,1.4653144145893378,0.067,True,
2024-07-16,2024-08-15,30,799.073974609375,800,0.9988424682617187,29.9,30.35,30.132748745533775,26.45,26.85,26.665402604162807,0.3111464745043676,5611,553,1.4933918037155542,1.5000711068864832,0.067,True,
2024-07-18,2024-08-22,35,796.6319580078125,800,0.9957899475097656,25.85,26.25,26.042438755698868,24.1,24.45,24.287229908899292,0.2559546487736232,5604,515,1.5359544616859917,1.4410865352402802,0.067,True,
2024-07-19,2024-08-22,34,792.9320068359375,790,1.0037114010581487,25.35,25.75,25.5537636239751,17.55,17.85,17.706644831277345,0.2228177403071024,5562,420,1.5653271505756194,1.6942791977736806,0.067,True,
2024-07-22,2024-08-22,31,810.3218994140625,810,1.0003974066840278,24.0,24.35,24.186374105889,19.1,19.4,19.26833119000804,0.2304237358578806,4626,140,1.447095784046365,1.556958913782673,0.067,True,
2024-07-23,2024-08-22,30,798.407958984375,800,0.9980099487304688,22.6,22.95,22.781901291231293,19.85,20.15,19.98057077486044,0.2342793404293723,5041,341,1.5363072446227837,1.5014586088674569,0.067,True,
2024-07-24,2024-08-29,36,791.3286743164062,790,1.0016818662232991,26.4,26.8,26.57989365671716,19.9,20.2,20.047937338555073,0.2346954138025734,4813,289,1.5048969163159756,1.496413296459469,0.067,True,
2024-07-25,2024-08-29,35,797.5199584960938,800,0.9968999481201172,24.3,24.7,24.506352705262373,21.7,22.05,21.863143370181547,0.2355213478329826,5618,527,1.632229833671269,1.600867698088443,0.067,True,
2024-07-26,2024-08-29,34,798.2846069335938,800,0.9978557586669922,24.3,24.65,24.46482192743696,21.05,21.35,21.20288643003528,0.2350679973208716,4653,222,1.4306255775664474,1.4149016974171549,0.067,True,
2024-07-29,2024-08-29,31,791.822021484375,790,1.0023063563093355,24.75,25.15,24.95987406637323,18.5,18.8,18.655194104915836,0.2362873659973481,4673,272,1.6025721882102435,1.608131217037016,0.067,True,
2024-07-30,2024-08-29,30,797.001953125,800,0.99625244140625,21.95,22.3,22.12432679166892,20.55,20.9,20.729002134672953,0.2352269221420093,5998,252,1.581969039310143,1.688455612701976,0.067,True,
2024-07-31,2024-09-05,36,797.1005859375,800,0.996375732421875,24.4,24.75,24.576943866518036,22.05,22.35,22.207211598126037,0.2344391685384857,4045,274,1.4240989518506315,1.350912511795566,0.067,True,
2024-08-01,2024-09-05,35,808.471923828125,810,0.9981134862075617,23.65,24.0,23.82134029887419,20.0,20.3,20.162124996274713,0.220244997918732,5470,426,1.4692708118381677,1.4879383996251918,0.067,True,
2024-08-02,2024-09-05,34,818.5111694335938,820,0.9981843529677973,23.8,24.15,23.960973973592843,20.2,20.5,20.348042762096043,0.2223598102908288,4562,282,1.460708568799121,1.4743432747194494,0.067,True,
2024-08-05,2024-09-05,31,797.1005859375,800,0.996375732421875,22.4,22.75,22.58653916927142,20.8,21.1,20.94655224232099,0.2350540043506333,4248,284,1.549595524028622,1.4322166079144636,0.067,True,
2024-08-06,2024-09-05,30,789.922607421875,790,0.9999020347112342,23.25,23.6,23.429616298350936,19.0,19.3,19.168554488629866,0.235678317653305,5939,507,1.4938358167847408,1.5650632403082378,0.067,True,
2024-08-07,2024-09-12,36,800.9238891601562,800,1.0011548614501953,25.9,26.3,26.09447275275795,19.75,20.05,19.90143726170976,0.2287891242175209,4437,384,1.5328916732288669,1.5074288155921225,0.067,True,
2024-08-08,2024-09-12,35,810.3958740234375,810,1.0004887333622685,25.8,26.2,26.01400017128049,20.3,20.6,20.43083467336845,0.2317373538767407,5198,141,1.537633571793389,1.4683687905861724,0.067,True,
2024-08-09,2024-09-12,34,814.0958251953125,810,1.0050565743152007,27.55,27.95,27.74374710827192,18.45,18.75,18.60837674210393,0.2322414794675304,5259,397,1.441766313825492,1.6121771617037977,0.067,True,
2024-08-12,2024-09-12,31,818.9798583984375,820,0.9987559248761433,23.75,24.1,23.925618874341012,20.15,20.45,20.29287446171685,0.2322567852375417,4198,237,1.462867070809016,1.4783514310205792,0.067,True,
2024-08-13,2024-09-12,30,790.9092407226562,790,1.0011509376236154,25.0,25.35,25.18087577231836,19.8,20.1,19.933180661816095,0.2491648569863837,4443,335,1.3899437142879705,1.5050282495792515,0.067,True,
2024-08-14,2024-09-19,36,793.1786499023438,790,1.0040236074713211,28.35,28.8,28.5865887112534,20.05,20.35,20.204656807153754,0.2445151369287303,5280,182,1.5741647404849402,1.484806215039403,0.067,True,
2024-08-16,2024-09-19,34,805.1666259765625,810,0.9940328715760031,23.4,23.75,23.5690086192983,23.2,23.55,23.362837471880425,0.2394409113718293,4631,140,1.4850009419294006,1.4981057006507124,0.067,True,
2024-08-19,2024-09-19,31,804.895263671875,800,1.0061190795898438,26.35,26.75,26.532935682289235,16.95,17.25,17.098271020963807,0.2310081593146361,5471,405,1.5075602820195997,1.754563368612987,0.067,True,
2024-08-20,2024-09-19,30,807.9292602539062,810,0.997443531177662,18.4,18.7,18.558898705836157,16.05,16.3,16.181349775783985,0.1879961330153719,5367,464,1.616475227086943,1.5449885421433425,0.067,True,
2024-08-21,2024-09-26,36,802.0586547851562,800,1.0025733184814454,22.5,22.85,22.677346315466536,15.25,15.45,15.349545199418287,0.1878357179715938,5395,381,1.543390461701828,1.3029702014075233,0.067,True,
2024-08-22,2024-09-26,35,804.77197265625,800,1.0059649658203125,23.75,24.15,23.948905549126607,13.95,14.15,14.053682053889531,0.1881065563902237,4022,239,1.6702224624815316,1.4231145918421328,0.067,True,
2024-08-23,2024-09-26,34,801.6885986328125,800,1.0021107482910157,21.6,21.9,21.751864707158404,14.95,15.2,15.085937510538088,0.1875146824193166,5276,150,1.3791921016374702,1.6571724483504306,0.067,True,
2024-08-26,2024-09-26,31,809.0392456054688,810,0.9988138834635417,19.5,19.8,19.630055094209183,15.85,16.1,15.994665986921971,0.1891881863286691,4819,422,1.528268762162058,1.563021073427942,0.067,True,
2024-08-27,2024-09-26,30,807.9539184570312,810,0.9974739734037423,18.55,18.85,18.68774071038473,16.15,16.4,16.285533577207502,0.1892524994212719,4200,112,1.6053304925902117,1.535104753029945,0.067,True,
2024-08-28,2024-10-03,36,807.6332397460938,810,0.9970780737606095,20.5,20.8,20.632944030009018,17.55,17.8,17.664693623887047,0.1892533622341578,5617,331,1.453985430114452,1.4152523973692812,0.067,True,
2024-08-29,2024-10-03,35,808.3485717773438,810,0.9979611997251158,20.5,20.8,20.66897077654994,17.0,17.25,17.133107524731656,0.1891860228064676,5962,191,1.4514510821233868,1.4591631998989372,0.067,True,
2024-08-30,2024-10-03,34,807.5346069335938,810,0.9969563048562886,19.7,20.0,19.86226891289607,17.15,17.4,17.28811680844683,0.1889545383716419,4195,247,1.5104014617646138,1.4460800026400336,0.067,True,
2024-09-02,2024-10-03,31,802.6258544921875,800,1.0032823181152344,21.25,21.55,21.401636795462537,14.15,14.35,14.236381313824609,0.1893391084704797,5779,300,1.4017619440378744,1.4048513845704884,0.067,True,
2024-09-03,2024-10-03,30,807.756591796875,810,0.9972303602430556,17.55,17.8,17.66712978817702,15.35,15.6,15.462249315156214,0.1793107313759056,4356,243,1.4150572447104677,1.6168410876349544,0.067,True,
2024-09-04,2024-10-10,36,809.951904296875,810,0.9999406225887346,20.2,20.5,20.360489912353785,14.95,15.2,15.073574955450624,0.173934276902911,4279,382,1.4734419519933797,1.6585315742208828,0.067,True,
2024-09-05,2024-10-10,35,811.7525024414062,810,1.0021635832609954,20.7,21.0,20.834863782312652,13.8,14.0,13.895069866431982,0.1716924780459258,5535,251,1.4398942231370853,1.4393594413164033,0.067,True,
2024-09-06,2024-10-10,34,807.5592041015625,810,0.9969866717303241,18.0,18.3,18.140935142713204,15.45,15.65,15.54218587029527,0.1712493973986917,4367,410,1.6537184970891856,1.2868202817098433,0.067,True,
2024-09-09,2024-10-10,31,812.2705688476562,810,1.0028031714168595,19.7,20.0,19.83396808478676,12.85,13.05,12.967255735312108,0.1719603886787181,4379,272,1.512556633738407,1.5423463844810743,0.067,True,
2024-09-10,2024-10-10,30,814.1698608398438,810,1.005147976345486,20.3,20.6,20.42951513702735,11.7,11.9,11.81136562103768,0.1700194688775942,4857,446,1.4684636320921172,1.6932843027378082,0.067,True,
2024-09-11,2024-10-17,36,810.9879150390625,810,1.0012196481963735,20.35,20.7,20.52264414733719,14.1,14.3,14.199718448246529,0.1697266460535137,4120,371,1.7054332642872938,1.408478630959745,0.067,True,
2024-09-12,2024-10-17,35,822.1865234375,820,1.0026664919969512,21.4,21.7,21.552494689474656,14.0,14.2,14.114639142012948,0.1739277731535277,4226,377,1.3919502327798194,1.4169685670864165,0.067,True,
2024-09-13,2024-10-17,34,821.8658447265625,820,1.002275420398247,20.45,20.75,20.593735700471996,13.5,13.75,13.626129196006389,0.1694359196268587,5331,159,1.4567536670538357,1.8347103304529888,0.067,True,
2024-09-16,2024-10-17,31,824.3324584960938,820,1.005283485970846,20.55,20.85,20.709890277811553,11.65,11.8,11.724545767531197,0.1659119241652232,4350,278,1.4485832419953415,1.2793672605671051,0.067,True,
2024-09-17,2024-10-17,30,823.2718505859375,820,1.0039900616901676,17.75,18.0,17.866468634750788,10.0,10.15,10.091412228517411,0.1454244412007777,5633,208,1.399269240669882,1.486412373246571,0.067,True,
2024-09-18,2024-10-24,36,836.0984497070312,840,0.9953552972702753,16.2,16.45,16.30839087933333,14.55,14.8,14.677337524865491,0.1479240959687436,5520,274,1.5329532008998532,1.7033061996187286,0.067,True,
2024-09-19,2024-10-24,35,842.8571166992188,840,1.0034013294038318,19.35,19.6,19.477432869996846,11.15,11.35,11.240902789841527,0.1447862543762629,4408,340,1.2835367045987949,1.7792165250351644,0.067,True,
2024-09-20,2024-10-24,34,858.989013671875,860,0.9988244345021803,17.85,18.1,17.96726045227308,13.55,13.75,13.62761857430462,0.1505235355693203,5739,322,1.3914196917447808,1.4676078502601086,0.067,True,
2024-09-23,2024-10-24,31,868.1651000976562,870,0.9978909196524784,16.85,17.1,16.960172204293656,13.75,13.95,13.858473530610013,0.1524555088991737,5095,508,1.4740416370106768,1.4431603852924184,0.067,True,
2024-09-24,2024-10-24,30,872.2350463867188,870,1.002569018835309,18.75,19.05,18.887344459148892,11.8,11.95,11.87450653138444,0.1522168544005582,5611,424,1.5883651650917123,1.2632103877626162,0.067,True,
2024-09-25,2024-10-31,36,877.686279296875,880,0.9973707719282671,13.2,13.4,13.307623475934122,9.7,9.95,9.825283215077777,0.1046321896204787,5993,540,1.502897946892521,2.544455915696686,0.067,True,
2024-09-26,2024-10-31,35,879.8323364257812,880,0.999809473211115,14.2,14.4,14.283012015401596,8.7,8.95,8.815099666734454,0.1046606291476764,5211,450,1.4002648725936655,2.8360428066789205,0.067,True,
2024-09-27,2024-10-31,34,864.6376953125,860,1.0053926689680233,17.55,17.85,17.707133221256413,7.6,7.85,7.718809702662895,0.115232636699998,5541,387,1.694232466946528,3.238841345107304,0.067,True,
2024-09-30,2024-10-31,31,854.47509765625,850,1.005264820772059,17.15,17.4,17.285845540735863,7.85,8.1,7.987634333194876,0.1221812013685591,4491,383,1.4462700098230623,3.1298378164490352,0.067,True,
2024-10-01,2024-10-31,30,851.5890502929688,850,1.0018694709329043,15.2,15.45,15.327198607928151,8.95,9.2,9.070191062213668,0.1230339824051414,4071,268,1.631087365636959,2.756281519156721,0.067,True,
2024-10-03,2024-11-07,35,829.7838134765625,830,0.9997395343091114,17.35,17.6,17.49353278693212,12.3,12.5,12.394346564920395,0.1448779395342695,5600,322,1.4290995595055165,1.6136389195865912,0.067,True,
2024-10-04,2024-11-07,34,817.771240234375,820,0.9972820002858231,16.45,16.7,16.552446842371182,13.6,13.8,13.679444830093075,0.1516526123089882,4621,291,1.5103507196292367,1.4620476377815126,0.067,True,
2024-10-07,2024-11-07,31,798.1119384765625,800,0.9976399230957032,16.75,17.0,16.88470188196061,14.15,14.35,14.233362415947624,0.1675842346714591,5926,316,1.480630228165868,1.405149353717793,0.067,True,
2024-10-08,2024-11-07,30,814.5152587890625,810,1.0055743935667438,21.0,21.35,21.169445839393916,12.1,12.3,12.205898374185438,0.1759254323186602,5095,191,1.6533262261815636,1.6385520661304709,0.067,True,
2024-10-09,2024-11-14,36,805.6845703125,810,0.9946723090277778,18.4,18.7,18.551639015898783,17.4,17.65,17.532058043370625,0.1788227232095529,5316,198,1.6171077916236951,1.4259592306935818,0.067,True,
2024-10-10,2024-11-14,35,820.114501953125,820,1.0001396365282011,21.45,21.75,21.59918653846057,16.1,16.35,16.23335247537375,0.1861415020022935,5600,196,1.3889411967705636,1.5400392517765749,0.067,True,
2024-10-11,2024-11-14,34,814.4905395507812,810,1.0055438759886188,23.45,23.8,23.624693181334298,14.0,14.2,14.094608459697554,0.1873628388959976,4923,212,1.4815007217809455,1.4189823049848025,0.067,True,
2024-10-14,2024-11-14,31,832.7931518554688,830,1.00336524319936,22.9,23.2,23.04961681542943,15.45,15.65,15.546836433405929,0.1978108446194377,5622,229,1.3015400750574757,1.2864353520196263,0.067,True,
2024-10-15,2024-11-14,30,830.81982421875,830,1.0009877400225904,21.3,21.6,21.462856568585497,15.95,16.2,16.084909385389665,0.1969378226477671,4918,283,1.3977636156740725,1.5542518394730989,0.067,True,
2024-10-16,2024-11-21,36,838.565185546875,840,0.9982918875558036,22.65,23.0,22.839273814758258,18.6,18.9,18.741484620446613,0.1977860390244394,4820,259,1.5324480228169024,1.60072697588057,0.067,True,
2024-10-17,2024-11-21,35,825.4178466796875,830,0.994479333349021,21.0,21.3,21.13570248127712,20.25,20.55,20.40248305614051,0.203783001144999,4664,293,1.4193992381646794,1.4704092593754663,0.067,True,
2024-10-18,2024-11-21,34,829.7098388671875,830,0.9996504082737199,22.9,23.25,23.09059907545168,18.1,18.35,18.21678182331351,0.204165005895986,4804,194,1.515768381999656,1.372360949506759,0.067,True,
2024-10-21,2024-11-21,31,852.8223876953125,850,1.0033204561121323,25.3,25.7,25.500050500049383,17.7,18.0,17.85454925344584,0.2174562465992354,5837,575,1.568624344486,1.6802440416808742,0.067,True,
2024-10-22,2024-11-21,30,845.841796875,850,0.9951079963235294,21.25,21.6,21.43363016539365,20.75,21.1,20.92387603764797,0.219012648476855,4704,300,1.632947836177117,1.6727302311017922,0.067,True,
2024-10-23,2024-11-28,36,856.3251342773438,860,0.9957269003224928,24.55,24.9,24.718826059428693,22.55,22.9,22.729359476375976,0.221301930248883,5071,248,1.4159248467485157,1.539858614862308,0.067,True,
2024-10-24,2024-11-28,35,863.15771484375,860,1.003671761446221,27.85,28.3,28.06793077091413,19.25,19.55,19.40272127525293,0.2213649420827381,5073,358,1.6032532062047102,1.546174867659588,0.067,True,
2024-10-25,2024-11-28,34,860.0744018554688,860,1.0000865137854287,25.5,25.9,25.685773195058175,20.1,20.4,20.26074313349602,0.2191285571242127,5070,301,1.5572823016165105,1.4806959351062643,0.067,True,
2024-10-28,2024-11-28,31,855.5357055664062,860,0.9948089599609375,21.9,22.25,22.07780147814452,21.5,21.8,21.662239848079025,0.2199550520754296,5205,209,1.5853027773008872,1.3848983397097985,0.067,True,
2024-10-29,2024-11-28,30,864.2430419921875,860,1.0049337697583576,26.35,26.75,26.54221316591139,17.45,17.7,17.5762967768282,0.2213880582775095,4046,160,1.5070333340315618,1.4223701566622882,0.067,True,
2024-10-30,2024-12-05,36,855.7330322265625,860,0.9950384095657704,24.5,24.85,24.669732594916184,23.1,23.45,23.272368062644716,0.22374872811865,5295,184,1.418742577177864,1.503929462862849,0.067,True,
2024-10-31,2024-12-05,35,856.2757568359375,860,0.9956694846929506,23.95,24.3,24.111833185196588,22.15,22.5,22.328581697347943,0.219678311549299,4122,339,1.4515694319537813,1.5674976796290303,0.067,True,
2024-11-01,2024-12-05,34,857.0650634765625,860,0.996587283112282,23.8,24.2,24.00415186410703,21.45,21.75,21.58846018145107,0.2186011041098446,4756,413,1.6663783926401134,1.3896313006045815,0.067,True,
2024-11-04,2024-12-05,31,845.6197509765625,850,0.9948467658547794,21.2,21.5,21.355089560034855,20.75,21.05,20.91222503218131,0.2150426975793937,4169,153,1.404817334793285,1.4345675772823698,0.067,True,
2024-11-05,2024-12-05,30,867.2030029296875,870,0.9967850608387213,23.15,23.5,23.34167579344768,21.2,21.5,21.360881322714533,0.2255058319335104,5484,537,1.499463890669971,1.4044364343759053,0.067,True,
2024-11-06,2024-12-12,36,865.9203491210938,870,0.9953107461161997,25.05,25.4,25.22632430021895,23.4,23.75,23.57577854428007,0.225093089898837,5697,459,1.3874395486026478,1.4845745150796643,0.067,True,
2024-11-07,2024-12-12,35,861.62841796875,860,1.0018935092659884,27.35,27.75,27.544817978558513,20.25,20.55,20.40890535789731,0.2246345250929276,5267,132,1.452178773921713,1.4699465490142736,0.067,True,
2024-11-08,2024-12-12,34,865.525634765625,870,0.9948570514547413,24.0,24.35,24.162265876261245,23.05,23.4,23.223786297495053,0.2249593906683354,4745,398,1.4485396435599474,1.5070755281525705,0.067,True,
2024-11-11,2024-12-12,31,871.3717041015625,870,1.0015766713811063,25.3,25.7,25.505430845888895,19.05,19.35,19.19712816829906,0.2200539639206971,4662,230,1.5682934447056116,1.5627337452244654,0.067,True,
2024-11-12,2024-12-12,30,847.6424560546875,850,0.9972264188878677,23.45,23.8,23.632796364006992,21.15,21.5,21.322383056573756,0.2320170179803153,4124,246,1.480992746728251,1.6414675558138203,0.067,True,
2024-11-13,2024-12-19,36,829.463134765625,830,0.9993531744164157,27.2,27.6,27.411626722573317,22.3,22.65,22.481752638647833,0.2400724619243043,4932,313,1.4592348131991906,1.5568181254619864,0.067,True,
2024-11-14,2024-12-19,35,835.087158203125,840,0.994151378813244,23.65,24.0,23.83200293408919,23.2,23.55,23.365431350027677,0.2288535458995785,4556,233,1.468613447925365,1.4979393907041516,0.067,True,
2024-11-18,2024-12-19,31,841.1797485351562,840,1.0014044625418528,24.85,25.25,25.05458348185141,18.95,19.25,19.10846390777232,0.2253137849611843,5198,411,1.5965142676977386,1.5699849106027643,0.067,True,
2024-11-19,2024-12-19,30,859.507080078125,860,0.9994268373001454,23.55,23.9,23.72836796550456,19.35,19.65,19.498413490483813,0.2197671273659159,5885,515,1.475027698950114,1.5385867170496303,0.067,True,
2024-11-21,2024-12-26,35,858.989013671875,860,0.9988244345021803,24.7,25.05,24.885810521524263,20.25,20.55,20.38930219773806,0.2132519860337946,4592,186,1.4064239527070217,1.4713598194315938,0.067,True,
2024-11-22,2024-12-26,34,861.15966796875,860,1.0013484511264534,25.15,25.5,25.32467460185677,18.65,18.95,18.814378427013366,0.209841673478532,5970,149,1.3820513214978876,1.5945251721378464,0.067,True,
2024-11-25,2024-12-26,31,880.8929443359375,880,1.0010147094726562,24.65,25.05,24.853309039304975,18.8,19.1,18.967023614972103,0.213446697484338,5233,397,1.6094436333101991,1.58169255276926,0.067,True,
2024-11-26,2024-12-26,30,880.8683471679688,880,1.000986758145419,24.05,24.4,24.235975413596464,18.4,18.65,18.534919560432115,0.2117796102883961,5420,400,1.4441341601776287,1.34880542202996,0.067,True,
2024-11-27,2025-01-02,36,894.06494140625,890,1.004567349894663,28.15,28.55,28.34393869527844,18.3,18.55,18.4170719959111,0.2068788038987253,4231,133,1.4112364703450142,1.3574361877691752,0.067,True,
2024-11-28,2025-01-02,35,884.6176147460938,880,1.0052472894841975,28.1,28.5,28.291839083356933,17.9,18.15,18.038648414377292,0.2098812491745977,4204,187,1.4138352717950533,1.385913147465878,0.067,True,
2024-11-29,2025-01-02,34,886.04833984375,890,0.9955599324087079,23.15,23.5,23.301171338651727,21.55,21.9,21.715553467665472,0.208772908059707,5017,144,1.5020704105953049,1.6117480059679297,0.067,True,
2024-12-02,2025-01-02,31,890.3156127929688,890,1.0003546211156953,23.45,23.8,23.64408124605245,18.15,18.4,18.278384852320187,0.2020796543326604,5123,140,1.4802858963210357,1.3677357273077986,0.067,True,
2024-12-03,2025-01-02,30,900.9715576171876,900,1.0010795084635418,23.85,24.2,24.01658623069341,17.95,18.25,18.102485640010286,0.2037773344454307,5960,187,1.4573261854871564,1.657230979026095,0.067,True,
2024-12-04,2025-01-09,36,917.6461791992188,920,0.9974414991295856,24.15,24.55,24.35277689284618,20.5,20.8,20.647079413101665,0.195703029048977,4948,291,1.6425231576671049,1.4529900040469397,0.067,True,
2024-12-05,2025-01-09,35,920.4335327148438,920,1.0004712312117867,25.0,25.35,25.18349309745753,18.7,19.0,18.858221917778735,0.1930761544080242,4585,246,1.3897992571782531,1.5908180596664494,0.067,True,
2024-12-06,2025-01-09,34,915.5494995117188,920,0.9951624994692595,21.9,22.25,22.061776630098336,20.65,20.95,20.788349270000538,0.1923001317759414,5237,425,1.5864542818482943,1.443116026691584,0.067,True,
2024-12-09,2025-01-09,31,922.5302124023438,920,1.0027502308721128,24.45,24.8,24.634347859202308,16.75,17.0,16.88382431899055,0.1922119617126946,5496,178,1.4207804566227105,1.480707186219686,0.067,True,
2024-12-10,2025-01-09,30,921.5928344726562,920,1.0017313418181046,23.45,23.8,23.625950425134533,16.85,17.1,16.980738690682927,0.1916833589270028,5160,478,1.481421884419316,1.472256328502194,0.067,True,
2024-12-11,2025-01-16,36,919.1261596679688,920,0.99905017355214,24.45,24.8,24.6122031568014,19.3,19.55,19.426525208306884,0.1909324208301512,5818,527,1.4220587964847895,1.2869002424226577,0.067,True,
2024-12-12,2025-01-16,35,917.2268676757812,920,0.9969857257345448,22.9,23.25,23.0743224458904,19.8,20.1,19.955716305273995,0.1899072307022206,4763,359,1.516837605181067,1.5033286473445968,0.067,True,
2024-12-13,2025-01-16,34,923.3934936523438,920,1.0036885800568953,25.6,26.0,25.7871661185996,16.55,16.8,16.669744617876688,0.1869549466984008,4695,300,1.551159201287687,1.4997230355400837,0.067,True,
2024-12-16,2025-01-16,31,920.1621704101562,920,1.0001762721849525,22.65,23.0,22.82591848979331,17.3,17.55,17.443436941769107,0.1877044705264249,4218,192,1.5333446501024928,1.433203793693682,0.067,True,
2024-12-17,2025-01-16,30,904.4002685546876,900,1.0048891872829862,25.0,25.4,25.198506596940888,15.75,15.95,15.855695068757656,0.1961692787658437,4451,405,1.5873956595846788,1.2613764274142911,0.067,True,
2024-12-18,2025-01-23,36,893.275634765625,890,1.0036804885007022,26.45,26.85,26.634768855768073,17.35,17.65,17.497208797025678,0.1954721657651232,5846,489,1.5017964006598743,1.714559181867874,0.067,True,
2024-12-19,2025-01-23,35,884.790283203125,880,1.0054435036399147,25.55,25.95,25.743886941571475,15.2,15.45,15.31802781556047,0.1850274208229324,5685,445,1.5537669230285298,1.632063885835507,0.067,True,
2024-12-20,2025-01-23,34,873.93701171875,870,1.0045253008261494,24.8,25.2,24.99822171950342,15.55,15.75,15.6483651876124,0.1887643973426995,4321,182,1.6001138180477918,1.2780887818129645,0.067,True,
2024-12-23,2025-01-23,31,888.4902954101562,890,0.9983037027080407,21.65,21.95,21.791835577558913,18.1,18.4,18.25145656663915,0.1937504791878446,5741,570,1.3766623694102147,1.6437044293130607,0.067,True,
2024-12-24,2025-01-23,30,887.0596313476562,890,0.9966962149973666,20.45,20.75,20.60728082847743,18.5,18.8,18.660023651475623,0.1936050001405046,4621,328,1.4557961455323472,1.6077150040282873,0.067,True,
2024-12-26,2025-01-30,35,883.4336547851562,880,1.0039018804376776,25.65,26.0,25.827606959121567,16.65,16.9,16.758376251079312,0.1932746851389937,5114,170,1.3551390980742468,1.4917913063558226,0.067,True,
2024-12-27,2025-01-30,34,887.1336669921875,890,0.9967794011148174,20.0,20.3,20.14899733134064,17.35,17.6,17.478052311916997,0.1741749473770773,5157,213,1.4889078352964369,1.4303653264016347,0.067,True,
2024-12-30,2025-01-30,31,877.0943603515625,880,0.9966981367631392,17.7,17.95,17.822502462052228,15.6,15.85,15.73480102209436,0.1645467521606526,4175,278,1.4027210855058172,1.5888348359089963,0.067,True,
2024-12-31,2025-01-30,30,874.6029663085938,870,1.0052907658719468,21.3,21.65,21.473608748828497,12.0,12.2,12.092850899189216,0.1644172555207858,5672,495,1.6299076885206467,1.6538697257352988,0.067,True,
2025-01-01,2025-02-06,36,879.4869995117188,880,0.9994170448996804,20.6,20.95,20.77695752077597,15.4,15.6,15.493897045075869,0.1639757189137158,4803,387,1.684558480951865,1.290830831121093,0.067,True,
2025-01-02,2025-02-06,35,884.9136352539062,880,1.0055836764248935,22.3,22.65,22.463157793676487,11.8,12.0,11.913946616884289,0.1533251497268646,5392,394,1.5581068486218128,1.6787048526519492,0.067,True,
2025-01-03,2025-02-06,34,862.9356689453125,860,1.003413568541061,22.15,22.5,22.326707625159884,13.95,14.15,14.04041047375398,0.1710015320217869,4812,392,1.567629253162198,1.4244597789634788,0.067,True,
2025-01-06,2025-02-06,31,843.84375,840,1.0045758928571429,22.3,22.65,22.476874874876557,13.75,13.95,13.86675383595366,0.1828176336936818,5004,336,1.5571559745221035,1.4422986256627717,0.067,True,
2025-01-07,2025-02-06,30,845.2744140625,850,0.9944404871323529,16.2,16.45,16.323351547366087,16.25,16.5,16.380980232120407,0.1691533569949011,5088,397,1.5315482195832488,1.5261601958946946,0.067,True,
2025-01-08,2025-02-13,36,835.8518676757812,840,0.995061747233073,18.5,18.8,18.640410042849112,17.15,17.4,17.255938719631217,0.1714678515818299,5364,394,1.6094066563470666,1.4487765867850906,0.067,True,
2025-01-09,2025-02-13,35,822.778564453125,820,1.0033884932355184,21.2,21.55,21.36951057066301,13.25,13.45,13.339614007576188,0.1686311007582771,5636,337,1.6378475250645028,1.4992937568239229,0.067,True,
2025-01-10,2025-02-13,34,817.3272094726562,820,0.9967404993568979,17.75,18.0,17.87648872428764,15.35,15.55,15.44751747372834,0.1674115490324561,4259,332,1.3984849254000369,1.294706417002874,0.067,True,
2025-01-13,2025-02-13,31,804.5499267578125,800,1.0056874084472656,20.7,21.05,20.86915892714677,11.7,11.85,11.779831179883844,0.1711070992265348,5401,488,1.6771159835517788,1.2733629006173877,0.067,True,
2025-01-14,2025-02-13,30,812.3198852539062,810,1.00286405586902,19.5,19.8,19.671613292722668,12.8,13.0,12.903439362670497,0.1736137797569628,4805,390,1.5250401455938691,1.549974346983774,0.067,True,
2025-01-15,2025-02-20,36,810.568603515625,810,1.0007019796489198,19.95,20.25,20.089354617677316,14.1,14.3,14.185740442024098,0.167774831155974,5231,469,1.4933282114300497,1.409866484004722,0.067,True,
2025-01-16,2025-02-20,35,815.0086059570312,820,0.9939129340939405,15.8,16.05,15.933518834985591,15.55,15.8,15.67358076799252,0.1569992159232883,4038,302,1.5690193898102989,1.5950407485093157,0.067,True,
2025-01-17,2025-02-20,34,807.4605712890625,810,0.996864902826003,16.5,16.75,16.623880265049536,14.0,14.25,14.123763805131546,0.1562986697370726,5228,422,1.503860687240429,1.770066417488292,0.067,True,
2025-01-20,2025-02-20,31,814.6138916015625,810,1.0056961624710647,20.05,20.35,20.195340394904008,10.9,11.05,10.985305291523048,0.1608542275192857,5201,260,1.485491178329934,1.3654604584885754,0.067,True,
2025-01-21,2025-02-20,30,810.2479248046875,810,1.000306080005787,16.85,17.1,16.988878908923425,12.2,12.4,12.292665428089949,0.1571538020430271,5746,365,1.4715508971500602,1.6269864430132577,0.067,True,
2025-01-22,2025-02-27,36,821.9152221679688,820,1.0023356367902059,20.75,21.1,20.921423066148577,13.5,13.7,13.605325909015562,0.1659756743986311,5593,340,1.6729263534960526,1.4700125622677616,0.067,True,
2025-01-23,2025-02-27,35,821.347900390625,820,1.0016437809641767,20.15,20.45,20.29907402358492,13.6,13.8,13.6998415229981,0.1661939785651886,5527,426,1.4778999261317989,1.459870901895168,0.067,True,
2025-01-24,2025-02-27,34,813.8986206054688,810,1.0048131118586034,21.15,21.45,21.294138019632783,12.25,12.45,12.3559722433086,0.1668272753210188,4033,399,1.408838431137276,1.6186504474248045,0.067,True,
2025-01-27,2025-02-27,31,804.0319213867188,800,1.0050399017333984,19.9,20.2,20.03216322929768,11.35,11.55,11.460840853128444,0.1652937196043586,5505,427,1.497591630849139,1.745072657085256,0.067,True,
2025-01-28,2025-02-27,30,824.0612182617188,820,1.004952705197218,21.85,22.2,22.029812940620214,13.35,13.55,13.465388858605593,0.1857460736750807,4831,425,1.5887561140142126,1.4852894491211304,0.067,True,
2025-01-29,2025-03-06,36,827.4651489257812,830,0.9969459625611822,20.25,20.55,20.381713068674628,17.3,17.6,17.44982482459295,0.1824554991210815,4400,268,1.4719076801305837,1.7192149664287462,0.067,True,
2025-01-30,2025-03-06,35,834.4705200195312,830,1.0053861686982304,23.9,24.25,24.05889547033911,14.15,14.4,14.273002705358692,0.1830920833054365,5278,258,1.4547633761138254,1.7515585554127258,0.067,True,
2025-01-31,2025-03-06,34,838.047119140625,840,0.9976751418340774,20.15,20.45,20.286570006358545,16.9,17.15,17.013255873735318,0.1827018553074798,4639,461,1.4788108581488633,1.469442426866361,0.067,True,
2025-02-01,2025-03-06,33,834.1991577148438,830,1.0050592261624625,22.75,23.1,22.90971507475308,13.6,13.8,13.698001128205703,0.180184095057507,4276,339,1.5277361541074237,1.4600670428342926,0.067,True,
2025-02-03,2025-03-06,31,827.8104858398438,830,0.9973620311323419,17.75,18.0,17.874362191755893,15.25,15.45,15.354247825357447,0.1725906868094253,4052,232,1.3986513046899447,1.3025711338962531,0.067,True,
2025-02-04,2025-03-06,30,848.9744873046875,850,0.998793514476103,20.15,20.45,20.309674917114023,16.55,16.8,16.667230359680673,0.1902487685755026,4049,159,1.4771285174397577,1.4999492693445304,0.067,True,
2025-02-05,2025-03-13,36,857.311767578125,860,0.996874148346657,22.05,22.35,22.193116964831347,19.05,19.35,19.21701708099738,0.1928095861347763,5331,295,1.3517704632269554,1.5611163727207888,0.067,True,
2025-02-06,2025-03-13,35,860.29638671875,860,1.0003446357194767,23.25,23.6,23.436210793261864,17.5,17.75,17.632329422600662,0.1926559399481682,5312,434,1.4934154803754784,1.4178500980111934,0.067,True,
2025-02-07,2025-03-13,34,854.8204345703125,850,1.0056710994944853,25.0,25.4,25.209352236682435,15.0,15.2,15.100506067324034,0.1908579050132015,4244,162,1.586712725676282,1.324458922822322,0.067,True,
2025-02-10,2025-03-13,31,846.4337158203125,850,0.9958043715533088,19.4,19.7,19.569016099528767,18.15,18.45,18.31218672792517,0.1925678160754456,4702,270,1.533035684953138,1.6382532815838742,0.067,True,
2025-02-11,2025-03-13,30,839.3544311523438,840,0.999231465657552,20.35,20.65,20.49746602373108,16.4,16.65,16.529994762791546,0.1926251488722535,4785,302,1.463595547140657,1.5124021730650603,0.067,True,
2025-02-12,2025-03-20,36,842.0184326171875,840,1.0024028959728422,23.95,24.3,24.138575458978263,16.45,16.7,16.58753919435412,0.1917801688232732,4265,355,1.4499612895334304,1.5071554440401391,0.067,True,
2025-02-13,2025-03-20,35,837.5291137695312,840,0.9970584687732514,19.8,20.1,19.961290835029956,16.9,17.2,17.05276368456225,0.1788520648245184,4431,174,1.50290881726713,1.7592456304991115,0.067,True,
2025-02-14,2025-03-20,34,836.1231079101562,840,0.9953846522739955,17.55,17.8,17.671733358001575,16.2,16.45,16.322430455847098,0.1670247350515404,5028,475,1.4146886156292224,1.5316346464226704,0.067,True,
2025-02-17,2025-03-20,31,847.2230834960938,850,0.9967330394071691,17.8,18.05,17.912056689581277,15.75,16.0,15.865859642196426,0.1714836347264227,4712,325,1.3957079543267354,1.5757103972803752,0.067,True,
2025-02-18,2025-03-20,30,850.0350952148438,850,1.0000412884880514,18.65,18.9,18.776085643761803,13.95,14.2,14.073033176172316,0.1683140363687374,5149,434,1.3314809313466272,1.776447172904319,0.067,True,
2025-02-19,2025-03-27,36,852.0823974609375,850,1.0024498793658088,21.05,21.4,21.2312415424002,13.45,13.65,13.550376104889835,0.1610827922926913,5108,362,1.6485140508670897,1.4759737918110507,0.067,True,
2025-02-20,2025-03-27,35,832.2998046875,830,1.0027708490210843,21.8,22.15,21.971482413232938,14.25,14.45,14.356304980283769,0.1749798605820678,4901,392,1.5929739897258852,1.3931161275458366,0.067,True,
2025-02-21,2025-03-27,34,834.9638061523438,830,1.0059804893401731,22.35,22.7,22.52297323888365,12.3,12.5,12.395188701589234,0.1680654359149516,5280,402,1.5539689022751138,1.6135292879757168,0.067,True,
2025-02-24,2025-03-27,31,827.366455078125,830,0.9968270543109939,17.15,17.4,17.268007069420605,15.1,15.3,15.191923464740796,0.1687321836382798,4156,402,1.4477640586719325,1.3164889914314313,0.067,True,
2025-02-25,2025-03-27,30,829.9564819335938,830,0.9999475685946912,18.2,18.45,18.32491718813725,13.7,13.9,13.81031229009767,0.1686733473100631,4495,446,1.3642626454096016,1.4481931747727814,0.067,True,
2025-02-27,2025-04-03,35,839.0091552734375,840,0.9988204229445684,19.75,20.05,19.923574846762563,15.4,15.65,15.53500619238855,0.1706806898814625,5820,528,1.5057538735261085,1.6092687502273977,0.067,True,
2025-02-28,2025-04-03,34,854.6477661132812,850,1.005467960133272,23.35,23.7,23.510974688126566,13.45,13.7,13.574796975799472,0.1750798301726332,4240,296,1.4886664829627574,1.8416481693662792,0.067,True,
2025-03-03,2025-04-03,31,839.428466796875,840,0.9993196033296131,19.85,20.15,19.980363397030885,15.65,15.9,15.785525561232989,0.1829097465907582,5121,418,1.5014741926294377,1.583729341352844,0.067,True,
2025-03-04,2025-04-03,30,843.5971069335938,840,1.0042822701590401,21.75,22.05,21.905561381393795,13.6,13.8,13.695414339204262,0.1822301783816652,5725,299,1.369515233034911,1.4603428202057709,0.067,True,
2025-03-05,2025-04-10,36,833.73046875,830,1.0044945406626506,23.65,24.0,23.835581145851503,14.55,14.75,14.638373077550966,0.1817872989179607,5409,178,1.468392978792202,1.3662720504556218,0.067,True,
2025-03-06,2025-04-10,35,834.3224487304688,830,1.0052077695547816,23.65,24.0,23.83697359948212,14.1,14.3,14.199152123564204,0.1817545348793648,4413,314,1.4683072015803444,1.408534807286775,0.067,True,
2025-03-07,2025-04-10,34,833.3604736328125,830,1.004048763413027,22.55,22.85,22.702563792180054,14.05,14.3,14.178111774416948,0.1795393052406227,4014,133,1.3214366568736888,1.7632813450596516,0.067,True,
2025-03-10,2025-04-10,31,832.4971313476562,830,1.003008591985128,20.6,20.9,20.74792335407301,13.45,13.65,13.541163479862009,0.1753914018123251,4885,477,1.4459278400076814,1.4769779590759302,0.067,True,
2025-03-11,2025-04-10,30,831.510498046875,830,1.0018198771649096,18.3,18.6,18.456799054432057,12.3,12.5,12.388178043111113,0.160749407398913,4014,154,1.6254172736846335,1.6144424087545013,0.067,True,
2025-03-12,2025-04-17,36,844.1644287109375,840,1.0049576532273066,22.55,22.9,22.737730048954973,12.95,13.15,13.040697690580773,0.1660805578936293,4677,427,1.5392917377699444,1.5336602745147605,0.067,True,
2025-03-13,2025-04-17,35,841.9197998046875,840,1.0022854759579614,20.8,21.1,20.949546348767797,13.55,13.75,13.65033316314384,0.1646800452967506,5143,301,1.432011915702633,1.4651657040870114,0.067,True,
2025-03-17,2025-04-17,31,843.79443359375,840,1.0045171828497024,20.55,20.85,20.682931015628753,12.05,12.2,12.122126382955855,0.1643560180859905,5844,291,1.4504714045282563,1.237406666629907,0.067,True,
2025-03-18,2025-04-17,30,843.79443359375,840,1.0045171828497024,20.15,20.45,20.280197837160813,11.8,11.95,11.87272413481503,0.1637207956148435,4477,381,1.4792755100755963,1.2634000276326265,0.067,True,
2025-03-19,2025-04-24,36,860.4197387695312,860,1.0004880683366641,21.4,21.7,21.55744339356471,15.35,15.6,15.47337231832455,0.170893318462791,5748,562,1.3916306981446425,1.61567882460848,0.067,True,
2025-03-20,2025-04-24,35,872.5803833007812,870,1.00296595781699,21.4,21.7,21.545634036954652,13.3,13.5,13.3937154487748,0.1599770185628915,4225,168,1.392393463499132,1.493237636449074,0.067,True,
2025-03-21,2025-04-24,34,873.3696899414062,870,1.0038732068292027,21.3,21.6,21.44787917131282,12.55,12.75,12.66534441676538,0.1577592822554775,5341,267,1.3987396963764125,1.5791122090233498,0.067,True,
2025-03-24,2025-04-24,31,887.9969482421875,890,0.9977493800474017,18.35,18.65,18.49735314330519,15.35,15.55,15.450321300354233,0.1642835982162876,5702,424,1.6218536656341949,1.294471461868017,0.067,True,
2025-03-25,2025-04-24,30,898.5789184570312,900,0.9984210205078125,18.65,18.95,18.803058146029684,15.15,15.4,15.281596715502983,0.1655995959589142,5424,383,1.5954851475229122,1.6359547019479854,0.067,True,
2025-03-26,2025-05-01,36,891.2283325195312,890,1.0013801488983498,21.9,22.25,22.07525770410956,14.85,15.1,14.98499989146103,0.1646705628410383,5447,528,1.5854854547625277,1.6683350137523767,0.067,True,
2025-03-27,2025-05-01,35,900.5029296875,900,1.000558810763889,21.3,21.6,21.44239346808797,15.05,15.3,15.175806586727504,0.1636237640325474,4142,334,1.399097542195936,1.6473588970133926,0.067,True,
2025-03-28,2025-05-01,34,901.908935546875,900,1.0021210394965279,21.75,22.05,21.895698525581626,14.3,14.5,14.387268344422864,0.1636197237153953,5005,359,1.370132127319431,1.3901179515952249,0.067,True,
2025-04-01,2025-05-01,30,872.1363525390625,870,1.0024555776311064,22.65,23.0,22.817211379156845,15.8,16.0,15.903067299048756,0.1928917390267044,5524,349,1.5339297786394737,1.2576190255571784,0.067,True,
2025-04-02,2025-05-08,36,886.4676513671875,890,0.9960310689518961,22.9,23.25,23.07897426609253,20.6,20.9,20.74939760578775,0.1974228324089594,5174,302,1.516531869937647,1.4458251063458172,0.067,True,
2025-04-03,2025-05-08,35,885.456298828125,890,0.9948947177844101,21.7,22.05,21.86161327303944,20.55,20.85,20.70569788654126,0.1946833705118795,5704,387,1.600979743025802,1.4488765442434146,0.067,True,
2025-04-04,2025-05-08,34,896.5316162109375,900,0.996146240234375,22.4,22.75,22.581199134779467,20.3,20.6,20.450088289558153,0.1972097873204855,5753,274,1.5499619746098112,1.466986331561127,0.067,True,
2025-04-07,2025-05-08,31,867.1289672851562,870,0.9966999623967313,23.2,23.55,23.387752586775207,21.15,21.5,21.32218672559168,0.2218932172050965,5258,401,1.4965097595478745,1.6414826701612102,0.067,True,
2025-04-08,2025-05-08,30,872.7777099609375,870,1.0031927700700431,24.7,25.1,24.89730409044597,17.2,17.45,17.34180258846277,0.2103414411026378,5375,417,1.6065996484876333,1.4416033092564502,0.067,True,
2025-04-09,2025-05-15,36,870.7303466796875,870,1.0008394789421695,26.05,26.45,26.259269983862396,19.65,19.95,19.79872666932971,0.2105856850902966,5219,363,1.5232715922636773,1.5152489602512265,0.067,True,
2025-04-11,2025-05-15,34,891.3269653320312,890,1.001490972283181,26.9,27.3,27.09274010032169,20.1,20.4,20.228496741054244,0.2174243789238931,4018,363,1.4764102800929044,1.4830563231677991,0.067,True,
2025-04-15,2025-05-15,30,920.01416015625,920,1.0000153914741847,26.9,27.3,27.09605225847065,21.85,22.2,22.029514840425236,0.233324990893825,5354,471,1.4762298071482198,1.5887776128311766,0.067,True,
2025-04-16,2025-05-22,36,926.476806640625,930,0.9962116200436828,28.05,28.5,28.26847964100972,25.45,25.85,25.666290390722736,0.2325275402237625,4457,216,1.5918790317508769,1.5584644056882682,0.067,True,
2025-04-17,2025-05-22,35,940.6353759765624,940,1.00067593188996,29.95,30.4,30.183981005950955,23.35,23.7,23.528785293578608,0.2308477808861633,5672,520,1.4908570208524814,1.487539605776073,0.067,True,
2025-04-21,2025-05-22,31,950.6994018554688,950,1.0007362124794408,27.5,27.9,27.70922955657892,21.45,21.8,21.61928902613795,0.2228079221766337,5150,331,1.4435623306784715,1.61892465370553,0.067,True,
2025-04-22,2025-05-22,30,967.7686767578124,970,0.9976996667606314,26.4,26.8,26.581390358138098,23.3,23.65,23.48575061778058,0.2262920596614882,4378,318,1.5048121810435664,1.4902653344833698,0.067,True,
2025-04-23,2025-05-29,36,949.1207885742188,950,0.9990745142886513,30.05,30.5,30.293282717621537,24.75,25.1,24.915382875468424,0.2321417873831791,5095,397,1.4854778341280104,1.4047546519728975,0.067,True,
2025-04-24,2025-05-29,35,945.6181030273438,950,0.9953874768708881,27.85,28.25,28.058024330522073,26.15,26.55,26.356060931881075,0.2330869684867235,5485,234,1.4256171257392156,1.5176774747707091,0.067,True,
2025-04-25,2025-05-29,34,942.8554077148438,940,1.0030376677817487,31.0,31.5,31.253627783525474,22.4,22.7,22.54985900620744,0.2334951901166539,5810,389,1.5998142790436696,1.330385258362005,0.067,True,
2025-04-28,2025-05-29,31,947.29541015625,950,0.9971530633223684,26.8,27.2,26.98433080892289,24.1,24.5,24.2983819777005,0.2329867736093109,4509,384,1.4823417442975122,1.6462001476768822,0.067,True,
2025-04-29,2025-05-29,30,941.6715087890624,940,1.001778200839428,28.5,28.95,28.710116448297015,21.7,22.05,21.87639610913942,0.234369358328807,4655,344,1.567391761751951,1.599897891105473,0.067,True,
2025-04-30,2025-06-05,36,949.6633911132812,950,0.9996456748560856,30.4,30.85,30.626798576660235,24.5,24.9,24.706296195444793,0.2324522355920321,4509,396,1.4693014644466769,1.619020499210838,0.067,True,
2025-05-02,2025-06-05,34,948.1340942382812,950,0.998035888671875,28.6,29.05,28.8158990990558,24.6,24.95,24.771227191252763,0.232213264084125,4616,305,1.5616378945980705,1.4129295948792968,0.067,True,
2025-05-05,2025-06-05,31,955.4847412109376,960,0.99529660542806,26.05,26.45,26.26839211850927,25.15,25.55,25.336369720231232,0.2324027970822776,4519,295,1.522742610950101,1.5787581426103043,0.067,True,
2025-05-06,2025-06-05,30,952.9686889648438,950,1.0031249357524672,29.35,29.8,29.57837554712694,21.25,21.55,21.392557888038027,0.2329363500388725,5831,500,1.5213817245744907,1.4023568456381286,0.067,True,
2025-05-07,2025-06-12,36,959.8259887695312,960,0.9998187383015951,30.35,30.8,30.571827081546814,24.25,24.6,24.42286271494515,0.2285251305205061,5715,384,1.471943429483872,1.4330834353248234,0.067,True,
2025-05-08,2025-06-12,35,951.3900756835938,950,1.0014632375616777,30.5,30.95,30.717425289268817,23.05,23.4,23.243489234377876,0.2290982241385761,4703,208,1.4649665320654577,1.5057980171167096,0.067,True,
2025-05-09,2025-06-12,34,932.248779296875,930,1.0024180422547042,30.95,31.4,31.185250265177046,23.0,23.3,23.150326512875324,0.2387494563767439,4179,379,1.4429898627508884,1.29587805093441,0.067,True,
2025-05-12,2025-06-12,31,965.5486450195312,970,0.9954109742469395,28.8,29.25,29.0197021002337,27.75,28.2,27.96703338099388,0.2539884396868228,5506,201,1.5506706390220848,1.6090373042777388,0.067,True,
2025-05-13,2025-06-12,30,948.4794311523438,950,0.9983994012129934,29.75,30.2,29.95539795277847,26.05,26.45,26.258838106189614,0.2593062228801998,4778,139,1.502233422868816,1.5232966454281631,0.067,True,
2025-05-14,2025-06-19,36,942.5594482421876,940,1.002722817278923,34.7,35.25,34.97718807958381,26.05,26.4,26.226492898597996,0.258711904158961,5519,546,1.5724534480833017,1.3345284150390844,0.067,True,
2025-05-15,2025-06-19,35,954.0047607421876,950,1.0042155376233555,35.45,35.95,35.69424782565807,25.4,25.8,25.60562671217332,0.2592485807971457,5569,553,1.4007859261866429,1.5621566482098086,0.067,True,
2025-05-16,2025-06-19,34,954.44873046875,950,1.0046828741776315,35.15,35.7,35.42453757312501,24.9,25.25,25.065229434853393,0.2592813465811828,5474,439,1.552596131606992,1.3963566577743898,0.067,True,
2025-05-19,2025-06-19,31,956.4220581054688,960,0.9962729771931966,27.0,27.4,27.213341368868157,25.15,25.55,25.34400207605887,0.2365075957905793,4679,314,1.4698672778844988,1.5782826989974912,0.067,True,
2025-05-20,2025-06-19,30,944.6807861328124,940,1.0049795597157578,30.5,30.95,30.709419714596265,20.7,21.0,20.86642203168856,0.2371638577866103,5313,355,1.465348431139886,1.4377165358987232,0.067,True,
2025-05-21,2025-06-26,36,950.5514526367188,950,1.000580476459704,31.45,31.9,31.681364201565145,24.7,25.05,24.872800296912143,0.2372403190637549,4653,388,1.4203933805911302,1.4071596113906502,0.067,True,
2025-05-22,2025-06-26,35,947.1474609375,950,0.9969973273026316,28.95,29.4,29.191597960282134,25.75,26.15,25.960276651484943,0.2358729869985733,5060,243,1.5415394546481005,1.540815629085826,0.067,True,
2025-05-23,2025-06-26,34,953.906005859375,950,1.0041115851151317,29.4,29.85,29.63401748996239,19.65,19.95,19.81743396106566,0.2113095302461783,5573,179,1.5185251211801656,1.5138185932113917,0.067,True,
2025-05-26,2025-06-26,31,957.1620483398438,960,0.9970438003540039,24.6,24.95,24.781501962443087,22.0,22.35,22.172172435258915,0.2110781413068211,4482,299,1.4123437737165023,1.5785552860098633,0.067,True,
2025-05-27,2025-06-26,30,950.3048095703124,950,1.0003208521792761,25.7,26.1,25.904990633073453,20.25,20.55,20.38305236851596,0.2126201324962091,5296,311,1.5441040132603392,1.4718109661700434,0.067,True,
2025-05-28,2025-07-03,36,948.9234619140624,950,0.9988668020148025,26.65,27.05,26.844262674883055,21.5,21.85,21.663689492886306,0.2038519178997829,4460,289,1.490076314795801,1.615606612691392,0.067,True,
2025-05-29,2025-07-03,35,950.896728515625,950,1.0009439247532894,24.95,25.35,25.15106836082248,18.05,18.3,18.170479473900286,0.1835569856872603,5436,223,1.5903896974137184,1.3758580248754304,0.067,True,
2025-05-30,2025-07-03,34,959.4807739257812,960,0.9994591395060222,24.1,24.45,24.29242664091248,18.7,19.0,18.838858438561772,0.1842010728934695,4705,348,1.4407782523074073,1.5924531785106604,0.067,True,
2025-06-02,2025-07-03,31,953.1660766601562,950,1.0033327122738487,24.3,24.65,24.491011097804517,15.8,16.05,15.934395762676104,0.1805941480087382,4236,232,1.429095755182494,1.5689330409728302,0.067,True,
2025-06-03,2025-07-03,30,949.466064453125,950,0.9994379625822368,21.6,21.9,21.750524901212373,16.95,17.2,17.06733175384204,0.1783584822392786,5030,134,1.379277058197686,1.4647866673343497,0.067,True,
2025-06-04,2025-07-10,36,957.6553955078124,960,0.9975577036539712,22.5,22.85,22.671833550252416,18.55,18.85,18.693462445369676,0.1722482600409639,5591,233,1.5437657445050563,1.6048391295980056,0.067,True,
2025-06-05,2025-07-10,35,961.7993774414062,960,1.0018743515014648,23.35,23.7,23.50226227767928,15.45,15.65,15.554983829488492,0.1628580470759457,4706,354,1.4892183393443028,1.285761542360779,0.067,True,
2025-06-06,2025-07-10,34,976.1552734375,980,0.996076809630102,20.9,21.2,21.03462892804015,18.65,18.9,18.782127999875513,0.1675404736979202,4305,255,1.426219597342583,1.3310525836138325,0.067,True,
2025-06-09,2025-07-10,31,976.2539672851562,980,0.9961775176379145,19.7,20.0,19.87302711973689,17.9,18.2,18.058293622503925,0.167144020977601,5763,263,1.5095838102191077,1.6612865327770838,0.067,True,
2025-06-10,2025-07-10,30,969.5447387695312,970,0.99953065852529,21.0,21.3,21.160594032028825,16.15,16.4,16.28889227995245,0.1683848238263992,4390,248,1.4177295757667228,1.5347882207293335,0.067,True,
2025-06-11,2025-07-17,36,962.194091796875,960,1.0022855122884116,24.65,25.0,24.826446564978255,16.2,16.45,16.30937917103273,0.1690269758394799,5604,422,1.4097869346059917,1.5328603092631985,0.067,True,
2025-06-12,2025-07-17,35,958.74072265625,960,0.9986882527669271,22.2,22.55,22.366188222718392,17.35,17.6,17.477564559683856,0.1678399699513614,5910,583,1.5648620878746335,1.4304052440846606,0.067,True,
2025-06-13,2025-07-17,34,946.0127563476562,950,0.9958029014185855,20.65,20.95,20.813032103133537,18.75,19.05,18.8896980859555,0.1724080378076863,5256,203,1.4414045897466028,1.5881672572789869,0.067,True,
2025-06-16,2025-07-17,31,954.7940673828124,950,1.0050463867187498,24.45,24.8,24.6289586891902,14.35,14.55,14.444352631405536,0.1730589583396564,4347,231,1.4210913437993566,1.3846241856845312,0.067,True,
2025-06-17,2025-07-17,30,951.9327392578124,950,1.0020344623766446,22.4,22.75,22.56585304779776,15.3,15.55,15.415985095740098,0.1731100007355041,4764,468,1.5510160385191312,1.62169331669296,0.067,True,
2025-06-18,2025-07-24,36,954.0540771484376,950,1.0042674496299344,25.8,26.2,26.00347877004708,15.55,15.8,15.692290353675048,0.1719104813482818,5687,316,1.5382557216181054,1.5931390151817535,0.067,True,
2025-06-19,2025-07-24,35,954.7447509765624,950,1.0049944747121708,25.6,26.0,25.8110393114747,14.85,15.1,14.982427963615237,0.1699632904082046,5681,260,1.549724500331036,1.668621405069485,0.067,True,
2025-06-20,2025-07-24,34,969.2486572265624,970,0.9992254198211984,21.85,22.2,22.03586686676067,16.65,16.9,16.752198756581265,0.1638234002721372,5379,169,1.58831963415038,1.4923414151935432,0.067,True,
2025-06-23,2025-07-24,31,961.2073364257812,960,1.0012576421101889,18.0,18.3,18.16022541973416,11.4,11.6,11.505607806612431,0.1310357267101841,5707,155,1.6519618730833587,1.7382827866343276,0.067,True,
2025-06-24,2025-07-24,30,967.3740234375,970,0.9972928076675258,14.65,14.9,14.768277738130225,12.0,12.15,12.067291318085267,0.121055478760151,5198,278,1.6928175677149198,1.2430295751225888,0.067,True,
2025-06-25,2025-07-31,36,976.8953247070312,980,0.9968319639867665,16.5,16.75,16.643133745271598,13.2,13.4,13.293104782897558,0.1220214504414024,5792,240,1.5021209576653574,1.5045394079591854,0.067,True,
2025-06-26,2025-07-31,35,997.41796875,1000,0.99741796875,17.95,18.25,18.09993382161258,14.15,14.4,14.277901522878494,0.1310594658012107,5694,547,1.6574646236649762,1.7509575871454728,0.067,True,
2025-06-27,2025-07-31,34,1004.9491577148438,1000,1.0049491577148437,22.1,22.45,22.280955625935235,11.05,11.2,11.110137206331672,0.1321743276399419,5335,137,1.570848243118418,1.350118339803342,0.067,True,
2025-06-30,2025-07-31,31,998.2658081054688,1000,0.9982658081054687,17.5,17.75,17.614304519474217,13.55,13.8,13.67424517719246,0.1343828804085204,4580,273,1.4193009989330108,1.8282544795743452,0.067,True,
2025-07-01,2025-07-31,30,1003.5526123046876,1000,1.0035526123046876,19.45,19.75,19.61728352984653,10.5,10.65,10.572956810163989,0.1282491344063593,4585,371,1.5292637206551485,1.4187138252168254,0.067,True,
2025-07-02,2025-08-07,36,990.5350341796876,990,1.000540438565341,20.3,20.6,20.42933062816587,13.25,13.45,13.373727863999363,0.1347683668183671,4795,155,1.4684768946193048,1.4954693413373377,0.067,True,
2025-07-03,2025-08-07,35,991.0836181640624,990,1.0010945638020832,20.15,20.45,20.3202076775284,12.8,13.0,12.896566600219389,0.1339758383831341,4139,382,1.476362863809522,1.5508003502001613,0.067,True,
2025-07-04,2025-08-07,34,992.1809692382812,990,1.0022029992305872,20.35,20.65,20.504398172148967,12.05,12.25,12.163984836155464,0.132921446455754,5517,257,1.4631007332245711,1.6441980378463796,0.067,True,
2025-07-07,2025-08-07,31,991.2332763671876,990,1.00124573370423,18.8,19.1,18.934342035268628,12.0,12.15,12.08355694363621,0.1329250552461003,5256,193,1.5844226297443902,1.241356338201374,0.067,True,
2025-07-08,2025-08-07,30,998.2159423828124,1000,0.9982159423828124,16.8,17.05,16.915279679035507,13.1,13.3,13.207622881228076,0.1315357159972223,5687,212,1.4779536888760136,1.514277033789782,0.067,True,
2025-07-09,2025-08-14,36,1003.1036987304688,1000,1.0031036987304687,21.6,21.9,21.745737056846224,11.95,12.15,12.055605412762532,0.131523041431465,4418,237,1.3795807390467272,1.6589793142057665,0.067,True,
2025-07-10,2025-08-14,35,1000.6099243164062,1000,1.0006099243164062,19.85,20.15,20.020130670691177,12.9,13.1,13.006142805550953,0.1321192688806697,5361,219,1.4984917178347266,1.537734922567822,0.067,True,
2025-07-11,2025-08-14,34,989.3878784179688,990,0.9993816953716856,19.05,19.35,19.190651657626404,13.55,13.75,13.6433291419454,0.1354192854193878,5017,179,1.563261140643862,1.4659178703320597,0.067,True,
2025-07-14,2025-08-14,31,989.0387573242188,990,0.9990290478022411,17.65,17.9,17.761383272208946,13.0,13.2,13.105117223545449,0.1335594728927069,4660,131,1.4075480280366026,1.5261214118761726,0.067,True,
2025-07-15,2025-08-14,30,995.2732543945312,1000,0.9952732543945313,15.45,15.7,15.566844744929654,14.7,14.9,14.801875935403473,0.1334245046440028,5984,249,1.6059773454182396,1.3511800860432588,0.067,True,
2025-07-16,2025-08-21,36,995.6722412109376,1000,0.9956722412109376,17.45,17.7,17.573748594574,15.2,15.45,15.315074470021557,0.1317825193964461,4664,155,1.4225763994210603,1.6323786116049368,0.067,True,
2025-07-17,2025-08-21,35,990.98388671875,990,1.0009938249684343,19.95,20.25,20.095332670778816,12.7,12.85,12.771423038782302,0.1325834330152299,5415,247,1.492883969202655,1.174497153093303,0.067,True,
2025-07-18,2025-08-21,34,976.2705078125,980,0.9961943957270408,16.95,17.2,17.083847711353883,14.6,14.85,14.716112408189304,0.1336941571301975,5464,139,1.463370572156591,1.698818227705835,0.067,True,
2025-07-21,2025-08-21,31,997.7670288085938,1000,0.9977670288085938,18.75,19.05,18.895540634449844,15.35,15.55,15.4542605890432,0.1478464114673875,4889,444,1.5876761919849425,1.2941415012879849,0.067,True,
2025-07-22,2025-08-21,30,1001.058837890625,1000,1.001058837890625,20.0,20.3,20.165019738768024,13.5,13.7,13.614467433148093,0.1462218679620376,5648,346,1.4877248020900231,1.4690255126178888,0.067,True,
2025-07-23,2025-08-28,36,1009.6375122070312,1010,0.9996411011950804,21.5,21.8,21.647706857105277,15.25,15.45,15.357897407322866,0.145380994256029,5775,287,1.3858280786056274,1.3022615967250597,0.067,True,
2025-07-24,2025-08-28,35,1004.5999755859376,1000,1.0045999755859376,23.85,24.2,24.037571458182015,12.95,13.15,13.033532323510371,0.1458744247362743,4474,437,1.4560539138027744,1.5345034257461705,0.067,True,
2025-07-25,2025-08-28,34,1002.2999877929688,1000,1.0022999877929688,21.4,21.7,21.54174327520559,12.9,13.1,13.020094777477029,0.1394191272216929,4971,363,1.3926449506308007,1.536087128535898,0.067,True,
2025-07-28,2025-08-28,31,1004.25,1000,1.00425,21.3,21.6,21.444973405826204,11.45,11.6,11.520722169013196,0.1376864002448578,5204,381,1.3989292237522488,1.3020017130822672,0.067,True,
2025-07-29,2025-08-28,30,1010.7999877929688,1010,1.0007920671217512,19.1,19.4,19.235286687453936,12.8,13.0,12.888667335340358,0.1376313165520865,5792,433,1.559633629976879,1.5517508117507617,0.067,True,
2025-07-30,2025-09-04,36,1012.9000244140624,1010,1.002871311301052,22.4,22.75,22.57441939381272,12.9,13.1,13.022097736999228,0.1376298612941825,5949,289,1.5504274723270657,1.5358508593569091,0.067,True,
2025-07-31,2025-09-04,35,1009.0999755859376,1010,0.9991088867187501,20.0,20.3,20.155995403122688,14.5,14.7,14.587915632963757,0.1385993972534434,4465,230,1.4883908931310974,1.3709977835905969,0.067,True,
2025-08-01,2025-09-04,34,1006.0999755859376,1010,0.9961385896890471,17.4,17.65,17.54122672268693,15.05,15.25,15.157373824941828,0.1334023710562139,4881,218,1.425213891549915,1.3194897896553452,0.067,True,
2025-08-04,2025-09-04,31,996.0,1000,0.996,16.3,16.55,16.422831208468665,14.65,14.85,14.748579971655658,0.1345911388270683,4782,449,1.5222710190864286,1.3560627557660898,0.067,True,
2025-08-05,2025-09-04,30,988.7999877929688,990,0.9987878664575441,17.4,17.65,17.536518472988405,13.2,13.4,13.299733409174678,0.1358086985731741,4136,315,1.425596536650512,1.503789541089848,0.067,True,
2025-08-06,2025-09-11,36,992.6500244140624,990,1.0026767923374367,21.35,21.65,21.50671279366304,12.25,12.45,12.33611979512176,0.1334410598728639,4494,357,1.3949133132441898,1.6212553324837848,0.067,True,
2025-08-07,2025-09-11,35,997.7000122070312,1000,0.9977000122070312,16.75,17.0,16.87551864148986,12.7,12.85,12.771442885724582,0.1197846855526489,4347,350,1.4814359505689756,1.1744953279136885,0.067,True,
2025-08-08,2025-09-11,34,986.9500122070312,990,0.9969192042495265,16.05,16.3,16.19401751281839,13.0,13.2,13.084561208074945,0.1215807951176755,4855,427,1.5437799780203538,1.528518968420372,0.067,True,
2025-08-11,2025-09-11,31,997.7999877929688,1000,0.9977999877929687,16.1,16.35,16.233717443448654,12.65,12.85,12.75947841366684,0.1246126005072066,5930,514,1.5400046284585978,1.5674621917599447,0.067,True,
2025-08-12,2025-09-11,30,984.9500122070312,980,1.0050510328643176,20.05,20.35,20.20603734135227,9.75,10.0,9.874145007625998,0.1290135163965339,4064,343,1.484704768836795,2.5318647822866693,0.067,True,
2025-08-13,2025-09-18,36,990.1500244140624,990,1.0001515398121843,18.8,19.1,18.959170570611263,12.2,12.4,12.288577572069926,0.1245209568238012,4942,399,1.5823477028316455,1.627527668088866,0.067,True,
2025-08-14,2025-09-18,35,995.5499877929688,1000,0.9955499877929688,16.3,16.55,16.417381575299032,14.35,14.55,14.463330233596366,0.1255151116593382,5837,368,1.5227763261355909,1.3828073947687929,0.067,True,
2025-08-18,2025-09-18,31,1001.7999877929688,1000,1.0017999877929689,18.6,18.9,18.74403525863761,11.2,11.35,11.269796228855968,0.1267384647625178,5483,411,1.600509153234501,1.330991234925171,0.067,True,
2025-08-19,2025-09-18,30,995.5499877929688,1000,0.9955499877929688,15.0,15.2,15.107407312790317,13.95,14.15,14.065705104826748,0.1281270449947737,5801,191,1.3238538940475526,1.4218981452367403,0.067,True,
2025-08-20,2025-09-25,36,994.0999755859376,990,1.0041413894807452,21.4,21.7,21.552284722809645,10.85,11.0,10.931740552392966,0.1265200723048919,4977,412,1.3919637934371696,1.3721511161108304,0.067,True,
2025-08-21,2025-09-25,35,995.5999755859376,1000,0.9955999755859376,16.35,16.6,16.470311821215716,14.35,14.55,14.466272686544189,0.1257313541079179,5618,431,1.517882616393275,1.382526130494078,0.067,True,
2025-08-22,2025-09-25,34,982.2999877929688,980,1.0023469263193558,20.05,20.35,20.19371614672741,11.7,11.9,11.796500863093968,0.1313155303149666,5526,397,1.4856106613572393,1.69541800845124,0.067,True,
2025-08-25,2025-09-25,31,982.0499877929688,980,1.0020918242785395,18.45,18.75,18.607256043960778,10.9,11.1,10.996502038915253,0.1273644258089379,4477,192,1.612274261670998,1.818760177483932,0.067,True,
2025-08-26,2025-09-25,30,973.4000244140624,970,1.0035051798083117,19.0,19.3,19.16581293713898,10.35,10.5,10.438825540531523,0.1297814790058819,5705,261,1.5652871129649242,1.4369432597334375,0.067,True,
2025-08-28,2025-10-02,35,957.7999877929688,960,0.9977083206176758,17.95,18.2,18.073878680326743,14.0,14.25,14.1259898805734,0.1357027749809714,4589,262,1.383211674825077,1.7697874776465012,0.067,True,
2025-08-29,2025-10-02,34,951.5999755859376,950,1.0016841848273028,19.65,19.95,19.78363432050901,12.2,12.35,12.273081065049496,0.1364304411386003,4908,377,1.516404898815791,1.22218698959922,0.067,True,
2025-09-01,2025-10-02,31,950.5999755859376,950,1.0006315532483554,18.05,18.3,18.178073270138498,12.1,12.3,12.18755900922855,0.1360941115291715,5261,207,1.37528326729038,1.641017695574306,0.067,True,
2025-09-02,2025-10-02,30,944.5,940,1.0047872340425532,19.25,19.55,19.418018224760203,9.6,9.9,9.75580667466494,0.1308498810416776,4000,194,1.5449568361073338,3.0750916864627618,0.067,True,
2025-09-03,2025-10-09,36,954.4500122070312,950,1.0046842233758224,19.75,20.05,19.921462966323816,9.1,9.35,9.21433949135826,0.1170482496353717,5463,338,1.505913498959062,2.7131624598210697,0.067,True,
2025-09-04,2025-10-09,35,961.25,960,1.0013020833333333,17.95,18.2,18.071878560647978,10.6,10.75,10.673977553863494,0.1189017563926244,4776,234,1.3833647628884695,1.405286822490152,0.067,True,
2025-09-05,2025-10-09,34,963.4000244140624,960,1.0035416920979816,18.55,18.85,18.70699766330256,9.2,9.45,9.33417897267077,0.1157096031802662,5186,161,1.6036779679964868,2.678328760697289,0.067,True,
2025-09-08,2025-10-09,31,966.0,970,0.9958762886597938,13.65,13.85,13.76876600308367,12.15,12.35,12.2647423033751,0.1158718612763831,5481,525,1.452562996242416,1.6306906011792992,0.067,True,
2025-09-09,2025-10-09,30,965.1500244140624,970,0.9950000251691364,12.95,13.1,13.023393925384768,12.45,12.65,12.546406528777313,0.1158397042103421,4623,456,1.151773499745142,1.5940819352638316,0.067,True,
2025-09-10,2025-10-16,36,965.9000244140624,970,0.9957732210454251,15.05,15.25,15.147523142479372,12.75,12.95,12.858658802210414,0.1156085089442173,4199,291,1.320347875482849,1.555372166540566,0.067,True,
2025-09-11,2025-10-16,35,967.7999877929688,970,0.9977319461783183,15.55,15.8,15.6630098165532,11.55,11.75,11.651080381312568,0.1136809101432904,4565,175,1.5961172400964183,1.7165790077354872,0.067,True,
2025-09-12,2025-10-16,34,967.2999877929688,970,0.9972164822607925,14.95,15.15,15.046259312228813,11.6,11.8,11.711260635643155,0.1132299058210086,4239,110,1.3292340365119957,1.707758081920764,0.067,True,
2025-09-15,2025-10-16,31,967.0499877929688,970,0.9969587503020296,13.9,14.1,14.015198246426053,11.4,11.55,11.461186753748793,0.1130870547907552,5166,400,1.427022268850177,1.308764992865486,0.067,True,
2025-09-16,2025-10-16,30,966.8499755859376,970,0.9967525521504511,13.5,13.7,13.604230678007012,11.35,11.5,11.427292109524387,0.1130403183232063,4130,387,1.4701309080514564,1.3126469382451402,0.067,True,
2025-09-17,2025-10-23,36,966.5,970,0.9963917525773196,14.7,14.9,14.7892527485119,11.8,12.0,11.90041282230527,0.1099613764273991,4454,314,1.3523333693794986,1.680613966812427,0.067,True,
2025-09-18,2025-10-23,35,976.9000244140624,980,0.9968367596061861,15.2,15.4,15.303626739771175,12.05,12.2,12.12762004794962,0.1133530569866904,4353,397,1.3068797573338589,1.236846136397212,0.067,True,
2025-09-19,2025-10-23,34,966.9000244140624,970,0.9968041488804766,15.05,15.3,15.165029034054442,12.15,12.3,12.229993736375036,0.1161034562489941,5812,322,1.648529649620864,1.2264928603672391,0.067,True,
2025-09-22,2025-10-23,31,964.2000122070312,960,1.0043750127156577,18.05,18.35,18.205353453707858,8.45,8.7,8.558060059336185,0.1148321130581432,4968,197,1.6478669352003168,2.92122278024059,0.067,True,
2025-09-23,2025-10-23,30,957.2000122070312,960,0.9970833460489908,13.5,13.7,13.593881596046288,11.05,11.2,11.121823550620036,0.1126697902649055,4806,395,1.471250125189911,1.3486996922517815,0.067,True,
2025-09-24,2025-10-30,36,951.0499877929688,950,1.0011052503083882,16.65,16.9,16.779409395199536,9.35,9.6,9.472310334296424,0.1078012769890272,5216,432,1.4899213322223557,2.639271636770854,0.067,True,
2025-09-25,2025-10-30,35,949.8499755859376,950,0.9998420795641448,15.05,15.3,15.163706394141514,9.1,9.35,9.229870436906763,0.1022769895872162,5306,255,1.6486734410565171,2.7085970676288635,0.067,True,
2025-09-26,2025-10-30,34,945.0499877929688,950,0.994789460834704,12.0,12.2,12.09853734467208,11.05,11.2,11.137971882181604,0.1009681964546204,5304,252,1.6530923887925568,1.346744286901701,0.067,True,
2025-09-29,2025-10-30,31,950.2999877929688,950,1.0003157766241777,14.1,14.3,14.204448065205838,8.4,8.65,8.513921597264869,0.1010294009712588,4823,173,1.4080096536091833,2.9363671857198392,0.067,True,
2025-09-30,2025-10-30,30,951.0,950,1.0010526315789474,13.95,14.2,14.079764587677232,7.75,8.0,7.862635893432071,0.0985579501172333,4668,117,1.7755978691490537,3.1795952831649448,0.067,True,
2025-10-01,2025-11-06,36,965.25,970,0.9951030927835052,13.85,14.05,13.962702868548943,12.25,12.4,12.323862942342371,0.1086428007426949,4766,293,1.432387424432715,1.217150829263362,0.067,True,
2025-10-03,2025-11-06,34,965.1500244140624,970,0.9950000251691364,13.25,13.45,13.363031811547955,12.1,12.25,12.17799651386855,0.1086673962346581,4003,213,1.4966663465334635,1.2317297006053278,0.067,True,
2025-10-06,2025-11-06,31,973.4500122070312,970,1.0035567136154961,17.45,17.7,17.59060715286637,8.5,8.75,8.636571246126493,0.1119481096496246,4866,196,1.4212130248117265,2.894667257126202,0.067,True,
2025-10-07,2025-11-06,30,982.5,980,1.0025510204081634,16.4,16.65,16.528093688446234,8.5,8.8,8.64621356175121,0.1088642477508817,4696,165,1.5125761307534185,3.4697269256351624,0.067,True,
2025-10-08,2025-11-13,36,978.7000122070312,980,0.9986734818439095,16.0,16.25,16.119118179989414,10.9,11.05,10.964401717615488,0.1094439742564539,5080,270,1.5509533288883932,1.3680637016337085,0.067,True,
2025-10-09,2025-11-13,35,977.0999755859376,980,0.9970407914142221,14.45,14.7,14.578860009775326,11.1,11.3,11.202902146078486,0.1063969552212702,5873,175,1.7148117193825276,1.7852516909648268,0.067,True,
2025-10-10,2025-11-13,34,980.9000244140624,980,1.0009183922592473,15.05,15.25,15.145446714195714,8.05,8.25,8.148194809468635,0.0949879637609355,5899,440,1.3205288940902666,2.454531398385182,0.067,True,
2025-10-13,2025-11-13,31,977.0,980,0.996938775510204,11.85,12.05,11.945232374440252,9.25,9.55,9.384466162363536,0.0935823802229885,4378,227,1.6743081568505107,3.196772142491734,0.067,True,
2025-10-14,2025-11-13,30,977.1500244140624,980,0.9970918616470025,11.65,11.85,11.742875264159808,9.05,9.35,9.21097072340234,0.093431537472512,5862,422,1.7031603887543223,3.256985707682124,0.067,True,
2025-10-15,2025-11-20,36,978.25,980,0.9982142857142857,13.5,13.7,13.611290781649927,8.75,9.05,8.906586526307137,0.090791348146944,4932,182,1.469368359021684,3.3682937802703545,0.067,True,
2025-10-16,2025-11-20,35,994.3499755859376,990,1.0043939147332703,17.85,18.15,17.994187020427148,7.2,7.4,7.30418852124302,0.0973423950825572,4076,237,1.6672050793927768,2.7381549561369254,0.067,True,
2025-10-17,2025-11-20,34,1002.5499877929688,1000,1.0025499877929687,16.7,16.95,16.80205929498709,7.9,8.15,8.030410797258469,0.0979639082107723,4396,358,1.4879128540784743,3.1131657683732494,0.067,True,
2025-10-20,2025-11-20,31,1002.9500122070312,1000,1.0029500122070312,16.1,16.3,16.2032732597238,7.45,7.7,7.579009815879601,0.0979728775700595,4776,389,1.2343185033923725,3.2985839321146946,0.067,True,
2025-10-21,2025-11-20,30,1007.7000122070312,1010,0.9977227843633972,12.9,13.1,13.018777567275038,9.65,9.9,9.772133801098905,0.0983923550362117,5990,167,1.5362425463258091,2.558294893300446,0.067,True,
2025-10-23,2025-11-27,35,1008.7999877929688,1010,0.9988118691019493,14.9,15.15,15.015228360875083,9.6,9.9,9.747136383685016,0.098159448259128,5823,328,1.6649763426270665,3.077827047769103,0.067,True,
2025-10-24,2025-11-27,34,994.75,990,1.0047979797979798,19.05,19.3,19.1799747497364,8.15,8.4,8.27053065202415,0.1079592964751945,5344,340,1.3034428004314025,3.022780647561162,0.067,True,
2025-10-27,2025-11-27,31,1002.9500122070312,1000,1.0029500122070312,17.4,17.65,17.538453683815987,8.8,9.05,8.914190239971674,0.1099524468402447,5723,368,1.4254392348778917,2.8045172165945877,0.067,True,
2025-10-28,2025-11-27,30,1003.5499877929688,1000,1.0035499877929688,17.45,17.7,17.58669216585588,8.4,8.65,8.544989957892312,0.1098495698329004,4420,213,1.4215294021315088,2.9256909748512383,0.067,True,
2025-10-29,2025-12-04,36,1007.8499755859376,1010,0.9978712629563739,16.1,16.35,16.238506614180324,11.65,11.8,11.73623378549155,0.1101027354392295,5111,420,1.53955043982731,1.2780931493153438,0.067,True,
2025-10-30,2025-12-04,35,998.1500244140624,1000,0.9981500244140624,16.35,16.6,16.493412159736522,11.85,12.05,11.939324196940277,0.1146106251633913,5547,468,1.5157567007892785,1.6751366886515704,0.067,True,
2025-10-31,2025-12-04,34,987.2999877929688,990,0.9972727149423927,16.05,16.3,16.163013887893044,12.6,12.8,12.703581997211984,0.1197296927463571,5459,451,1.5467412311466444,1.5743591063047766,0.067,True,
2025-11-03,2025-12-04,31,992.6500244140624,990,1.0026767923374367,17.85,18.1,17.963975821786335,9.55,9.85,9.696442683279033,0.1168365291027153,5313,232,1.3916741064458862,3.0939181491510492,0.067,True,
2025-11-04,2025-12-04,30,985.25,990,0.9952020202020202,13.2,13.4,13.282506507106234,12.5,12.7,12.595709236261255,0.1148437219796019,4015,103,1.5057398985123756,1.58784230604679,0.067,True,
2025-11-05,2025-12-11,36,985.25,990,0.9952020202020202,14.9,15.1,15.011789080742744,13.15,13.35,13.24122049626368,0.114404591543711,5022,355,1.3322862379978484,1.5104347824766906,0.067,True,
2025-11-06,2025-12-11,35,984.6500244140624,980,1.0047449228714922,19.55,19.85,19.700401011086797,8.65,8.9,8.774394319265241,0.1119546079207042,5996,543,1.522811641403491,2.849199510570146,0.067,True,
2025-11-07,2025-12-11,34,982.2999877929688,980,1.0023469263193558,17.6,17.9,17.75100041416681,9.2,9.5,9.353785130533367,0.1102325370154248,4884,395,1.690045591799838,3.2072577658504997,0.067,True,
2025-11-10,2025-12-11,31,984.5,980,1.004591836734694,18.05,18.35,18.19957516369641,8.0,8.25,8.138808951619751,0.1100534225605167,4580,164,1.6483901261520957,3.0717025241174394,0.067,True,
2025-11-11,2025-12-11,30,991.7000122070312,990,1.0017171840475063,16.2,16.4,16.298915820431603,9.0,9.3,9.162106342555376,0.1097702513654419,5596,477,1.2270754828323496,3.274356231891635,0.067,True,
2025-11-12,2025-12-18,36,989.5,990,0.9994949494949495,16.65,16.9,16.775225623931533,10.65,10.85,10.754657039452582,0.109657918775248,5686,460,1.4902929212668832,1.859659487664884,0.067,True,
2025-11-13,2025-12-18,35,986.6500244140624,990,0.9966161862768307,14.85,15.1,14.975230445522811,11.9,12.1,11.985183118213854,0.1103332723419875,5913,256,1.6694233915762091,1.668727111028114,0.067,True,
2025-11-14,2025-12-18,34,989.5999755859376,990,0.9995959349352905,15.3,15.55,15.427621168999169,9.5,9.8,9.668201485349186,0.1026701503106803,5016,188,1.620470176584056,3.1029556061135977,0.067,True,
2025-11-17,2025-12-18,31,996.5499877929688,1000,0.9965499877929688,13.1,13.3,13.19922920773297,10.9,11.05,10.97499017795127,0.1041612459773743,4801,207,1.5152399950962896,1.3667438199748918,0.067,True,
2025-11-18,2025-12-18,30,992.4500122070312,990,1.002474759805082,15.85,16.1,15.978563202702276,7.95,8.2,8.091753724825992,0.1027071951072184,4919,484,1.5645962457858666,3.089565111614605,0.067,True,
2025-11-19,2025-12-25,36,994.5999755859376,990,1.0046464399857955,18.55,18.8,18.684800404961152,7.45,7.7,7.564256234544587,0.0995498012033943,5862,335,1.337985927500839,3.3050176018402886,0.067,True,
2025-11-20,2025-12-25,35,1008.8499755859376,1010,0.9988613619662748,15.95,16.15,16.050487082380187,10.65,10.8,10.732407312221142,0.1063717370640256,4065,190,1.246068103562752,1.3976361093674974,0.067,True,
