trade_date,stock_price,strike,dte,implied_vol,risk_free_rate,actual_price,synthetic_price,daily_pnl,cumulative_pnl
2023-12-15,806.2192993164062,810,34,0.1345148221000084,0.068,13.870424773329889,13.870424773329887,-1.7763568394002505e-15,-1.7763568394002505e-15
2023-12-18,805.8055419921875,810,31,0.1349540015769564,0.068,12.875233446864629,12.875233446864627,-1.7763568394002505e-15,-3.552713678800501e-15
2023-12-19,804.44287109375,800,30,0.1358554419627555,0.068,17.384243877058452,17.384243877058452,0.0,-3.552713678800501e-15
2023-12-20,806.438232421875,810,36,0.1354518711560086,0.068,14.615346721616277,14.615346721616277,0.0,-3.552713678800501e-15
2023-12-21,820.892822265625,820,35,0.1392222771158767,0.068,17.393614126562568,17.393614126562568,0.0,-3.552713678800501e-15
2023-12-22,813.1788330078125,810,34,0.1447058978335249,0.068,18.782285985530223,18.782285985530223,0.0,-3.552713678800501e-15
2023-12-26,818.8244018554688,820,30,0.1430709808362069,0.068,15.135935070732046,15.135935070732046,0.0,-3.552713678800501e-15
2023-12-27,828.9718627929688,830,36,0.1450122079075144,0.068,17.386871250838226,17.386871250838226,0.0,-3.552713678800501e-15
2023-12-28,829.9208374023438,830,35,0.144157804592681,0.068,17.541326588226866,17.541326588226866,0.0,-3.552713678800501e-15
2023-12-29,831.8676147460938,830,34,0.1431835763929958,0.068,18.271346597090822,18.271346597090826,3.552713678800501e-15,0.0
2024-01-01,826.4410400390625,830,31,0.1465182402034608,0.067,14.650181689082274,14.650181689082274,0.0,0.0
2024-01-02,826.927734375,830,30,0.1457378264317243,0.067,14.525942311920971,14.525942311920971,0.0,0.0
2024-01-03,814.1766357421875,810,36,0.1560881649591284,0.067,21.035973088632147,21.035973088632147,0.0,0.0
2024-01-04,822.91259765625,820,35,0.1568332628171171,0.067,20.278086542182507,20.278086542182507,0.0,0.0
2024-01-05,818.7027587890625,820,34,0.1575182934789992,0.067,17.639909072673674,17.639909072673674,0.0,0.0
2024-01-08,809.577392578125,810,31,0.1630234157464363,0.067,17.480731920807216,17.480731920807216,0.0,0.0
2024-01-09,803.2748413085938,800,30,0.1654655821301416,0.067,19.27011764143225,19.27011764143225,0.0,0.0
2024-01-10,805.92724609375,810,36,0.1648660779193583,0.067,17.271084900745564,17.271084900745564,0.0,0.0
2024-01-11,802.5447998046875,800,35,0.1577562858654425,0.067,19.69791127387731,19.69791127387731,0.0,0.0
2024-01-12,798.74853515625,800,34,0.1588164627894824,0.067,17.34274995000152,17.34274995000152,0.0,0.0
2024-01-15,814.1279296875,810,31,0.1660622826400899,0.067,20.380378506336054,20.380378506336058,3.552713678800501e-15,3.552713678800501e-15
2024-01-16,817.2183837890625,820,30,0.1363537151860456,0.067,13.609770336457018,13.609770336457018,0.0,3.552713678800501e-15
2024-01-17,748.279296875,750,36,0.2916565862963584,0.067,28.91466350509694,28.91466350509694,0.0,3.552713678800501e-15
2024-01-18,723.2879638671875,720,35,0.30577161947607,0.067,31.294022703753512,31.294022703753512,0.0,3.552713678800501e-15
2024-01-19,715.744384765625,720,34,0.3061817311469839,0.067,26.78160809805348,26.781608098053482,3.552713678800501e-15,7.105427357601002e-15
2024-01-23,694.6708374023438,690,30,0.3109204497037695,0.067,29.006058639461457,29.006058639461457,0.0,7.105427357601002e-15
2024-01-24,708.5657958984375,710,36,0.3189572016558208,0.067,29.88977175227882,29.88977175227882,0.0,7.105427357601002e-15
2024-01-25,698.3453979492188,700,35,0.3199450493820463,0.067,28.972218546196927,28.972218546196927,0.0,7.105427357601002e-15
2024-01-29,707.9574584960938,710,31,0.3241504016091319,0.067,27.638287438929012,27.638287438929012,0.0,7.105427357601002e-15
2024-01-30,702.9202880859375,700,30,0.3208837170303625,0.067,29.188140866329036,29.188140866329036,0.0,7.105427357601002e-15
2024-01-31,711.80224609375,710,36,0.3238129219021082,0.067,32.08955281117392,32.08955281117392,0.0,7.105427357601002e-15
2024-02-01,713.651611328125,710,35,0.3242414175180975,0.067,32.69680220274665,32.69680220274665,0.0,7.105427357601002e-15
2024-02-02,703.820556640625,700,34,0.3253917993188288,0.067,31.990987057489747,31.990987057489747,0.0,7.105427357601002e-15
2024-02-05,703.1878051757812,700,31,0.3249135547139314,0.067,30.15222033672751,30.15222033672751,0.0,7.105427357601002e-15
2024-02-06,702.8228759765625,700,30,0.3182462111365808,0.067,28.923966906858652,28.923966906858652,0.0,7.105427357601002e-15
2024-02-07,695.9362182617188,700,36,0.3182955881778897,0.067,28.005089240657185,28.005089240657185,0.0,7.105427357601002e-15
2024-02-08,682.8444213867188,680,35,0.3185887112175277,0.067,30.47610917357838,30.47610917357838,0.0,7.105427357601002e-15
2024-02-09,683.112060546875,680,34,0.3144617385151359,0.067,29.840894276459892,29.840894276459892,0.0,7.105427357601002e-15
2024-02-12,676.4932250976562,680,31,0.3137585726678913,0.067,24.83888409636046,24.83888409636046,0.0,7.105427357601002e-15
2024-02-13,678.6588745117188,680,30,0.3139845981226477,0.067,25.535755097972128,25.535755097972128,0.0,7.105427357601002e-15
2024-02-14,673.5974731445312,670,36,0.313990184431613,0.067,30.529451460432995,30.529451460432995,0.0,7.105427357601002e-15
2024-02-15,688.197998046875,690,35,0.3239248797614585,0.067,28.803777771799844,28.803777771799844,0.0,7.105427357601002e-15
2024-02-16,691.0451049804688,690,34,0.3239712135094443,0.067,29.895421872009308,29.895421872009308,0.0,7.105427357601002e-15
2024-02-19,689.682373046875,690,31,0.3205522878693179,0.067,27.46607953883245,27.466079538832446,-3.552713678800501e-15,3.552713678800501e-15
2024-02-20,707.7870483398438,710,30,0.3335516025747271,0.067,27.810651731471637,27.810651731471637,0.0,3.552713678800501e-15
2024-02-21,700.4137573242188,700,36,0.333436429337569,0.067,31.72320263136436,31.72320263136436,0.0,3.552713678800501e-15
2024-02-22,690.8748168945312,690,35,0.3343323924561673,0.067,31.137951111146037,31.137951111146037,0.0,3.552713678800501e-15
2024-02-23,691.3857421875,690,34,0.3338611349661461,0.067,30.908706186895927,30.908706186895927,0.0,3.552713678800501e-15
2024-02-26,692.213134765625,690,31,0.3343549563003623,0.067,29.95448742588775,29.95448742588775,0.0,3.552713678800501e-15
2024-02-27,691.1668090820312,690,30,0.3345016792639561,0.067,28.88989267225236,28.88989267225236,0.0,3.552713678800501e-15
2024-02-28,685.9348754882812,690,36,0.3267895429146973,0.067,28.30272507948024,28.30272507948024,0.0,3.552713678800501e-15
2024-02-29,683.0147094726562,680,35,0.3255864091563136,0.067,31.15501050590251,31.15501050590251,0.0,3.552713678800501e-15
2024-03-01,696.3256225585938,700,34,0.2226507907314101,0.067,19.206781054683574,19.206781054683574,0.0,3.552713678800501e-15
2024-03-04,697.2745971679688,700,31,0.2016776890872228,0.067,16.96345143970666,16.96345143970666,0.0,3.552713678800501e-15
2024-03-05,701.2411499023438,700,30,0.2006627655355033,0.067,18.70401612425013,18.70401612425013,0.0,3.552713678800501e-15
2024-03-06,702.0928344726562,700,36,0.1805718247090686,0.067,19.38327821125938,19.38327821125938,0.0,3.552713678800501e-15
2024-03-07,703.7962646484375,700,35,0.1710800056935885,0.067,19.292108399537767,19.292108399537767,0.0,3.552713678800501e-15
2024-03-11,694.889892578125,690,31,0.1698514555855944,0.067,18.486473651228323,18.486473651228323,0.0,3.552713678800501e-15
2024-03-12,710.3421630859375,710,30,0.1772928549223112,0.067,16.57962314973753,16.57962314973753,0.0,3.552713678800501e-15
2024-03-13,710.755859375,710,36,0.1759554606529726,0.067,18.47327900551494,18.47327900551494,0.0,3.552713678800501e-15
2024-03-14,708.3467407226562,710,35,0.1723924126016349,0.067,16.544003747257705,16.544003747257705,0.0,3.552713678800501e-15
2024-03-15,706.9840698242188,710,34,0.1722619969596089,0.067,15.523536597327222,15.523536597327222,0.0,3.552713678800501e-15
2024-03-18,703.7719116210938,700,31,0.1679519938394287,0.067,17.88493498124558,17.88493498124558,0.0,3.552713678800501e-15
2024-03-19,705.3779907226562,710,30,0.1680571190519172,0.067,13.205486617874044,13.205486617874044,0.0,3.552713678800501e-15
2024-03-20,696.4716796875,700,36,0.1721128000214764,0.067,15.55247538440716,15.55247538440716,0.0,3.552713678800501e-15
2024-03-21,703.6258544921875,700,35,0.1722692753039207,0.067,19.29057191133768,19.29057191133768,0.0,3.552713678800501e-15
2024-03-22,702.2145385742188,700,34,0.1624379607445556,0.067,17.354772947038327,17.354772947038327,0.0,3.552713678800501e-15
2024-03-26,693.7218627929688,690,30,0.1668207144228288,0.067,17.258226550957545,17.258226550957545,0.0,3.552713678800501e-15
2024-03-27,701.1680908203125,700,36,0.1664119779934447,0.067,17.62860843629926,17.62860843629926,0.0,3.552713678800501e-15
2024-03-28,704.6723022460938,700,35,0.1666795721144627,0.067,19.451785813570098,19.451785813570098,0.0,3.552713678800501e-15
2024-04-01,715.67138671875,720,31,0.1694878949359425,0.067,13.982242350347008,13.982242350347008,0.0,3.552713678800501e-15
2024-04-02,720.367919921875,720,30,0.1598775543406136,0.067,15.405742702903638,15.405742702903638,0.0,3.552713678800501e-15
2024-04-03,721.414306640625,720,36,0.1596865762587825,0.067,17.657852878458073,17.657852878458073,0.0,3.552713678800501e-15
2024-04-04,743.4611206054688,740,35,0.1795637112252536,0.067,20.82410002737413,20.82410002737413,0.0,3.552713678800501e-15
2024-04-05,754.1439208984375,750,34,0.1692469423867454,0.067,20.25149802709393,20.25149802709393,0.0,3.552713678800501e-15
2024-04-08,752.7081298828125,750,31,0.1654903851053074,0.067,18.16283120704537,18.16283120704537,0.0,3.552713678800501e-15
2024-04-09,753.6572875976562,750,30,0.1583584358827796,0.067,17.819378185831454,17.819378185831454,0.0,3.552713678800501e-15
2024-04-10,747.7196655273438,750,36,0.1613394499645435,0.067,16.45304569038251,16.45304569038251,0.0,3.552713678800501e-15
2024-04-12,739.251220703125,740,34,0.1663449086218018,0.067,16.938939667757722,16.938939667757722,0.0,3.552713678800501e-15
2024-04-15,727.4491577148438,730,31,0.1743421301715853,0.067,15.536803294037044,15.536803294037043,-1.7763568394002505e-15,1.7763568394002505e-15
2024-04-16,734.5304565429688,730,30,0.1735224804521009,0.067,19.15963965959844,19.15963965959844,0.0,1.7763568394002505e-15
2024-04-18,727.4491577148438,730,35,0.1759937962750504,0.067,16.87577398107021,16.87577398107021,0.0,1.7763568394002505e-15
2024-04-19,745.2619018554688,750,34,0.1806561601239502,0.067,16.356052214592864,16.356052214592864,0.0,1.7763568394002505e-15
2024-04-22,735.9661254882812,740,31,0.1856903047136271,0.067,15.96776789115313,15.96776789115313,0.0,1.7763568394002505e-15
2024-04-23,733.7274169921875,730,30,0.1858297241113078,0.067,19.68465231763707,19.684652317637074,3.552713678800501e-15,5.329070518200751e-15
2024-04-24,735.7227783203125,740,36,0.1858599396651772,0.067,17.422913298553908,17.422913298553908,0.0,5.329070518200751e-15
2024-04-25,735.260498046875,740,35,0.1859471495701203,0.067,16.887377201042796,16.887377201042796,0.0,5.329070518200751e-15
2024-04-26,734.7981567382812,730,34,0.1811661787355101,0.067,21.20257491912588,21.20257491912588,0.0,5.329070518200751e-15
2024-04-29,744.3858642578125,740,31,0.1742032718737141,0.067,19.669745992419507,19.669745992419507,0.0,5.329070518200751e-15
2024-04-30,739.8109741210938,740,30,0.1756242377712425,0.067,16.837819845086074,16.837819845086074,0.0,5.329070518200751e-15
2024-05-02,745.7242431640625,750,35,0.176049728697912,0.067,16.475790323184583,16.475790323184583,0.0,5.329070518200751e-15
2024-05-03,739.567626953125,740,34,0.1781470221053128,0.067,18.16711375719626,18.16711375719626,0.0,5.329070518200751e-15
2024-05-06,741.0520629882812,740,31,0.1772214273064641,0.067,17.982614732216632,17.982614732216632,0.0,5.329070518200751e-15
2024-05-07,733.021728515625,730,30,0.1809351709058494,0.067,18.869878165903515,18.869878165903515,0.0,5.329070518200751e-15
2024-05-08,721.5845947265625,720,36,0.1831612308068735,0.067,19.84036313112557,19.84036313112557,0.0,5.329070518200751e-15
2024-05-09,704.4776000976562,700,35,0.194950919806864,0.067,21.713589351564735,21.713589351564735,0.0,5.329070518200751e-15
2024-05-10,709.3616333007812,710,34,0.1958477401231252,0.067,18.824900341571208,18.824900341571208,0.0,5.329070518200751e-15
2024-05-13,717.9208984375,720,31,0.1949589174226727,0.067,17.270827390402587,17.270827390402587,0.0,5.329070518200751e-15
2024-05-14,720.7328491210938,720,30,0.1930606332685437,0.067,18.314176742679535,18.314176742679535,0.0,5.329070518200751e-15
2024-05-15,709.6575317382812,710,36,0.1983566681908627,0.067,19.831576515542626,19.831576515542622,-3.552713678800501e-15,1.7763568394002505e-15
2024-05-16,720.3875122070312,720,35,0.1980396064334521,0.067,20.172813130823727,20.172813130823727,0.0,1.7763568394002505e-15
2024-05-17,722.286865234375,720,34,0.197277970364837,0.067,20.85949951086951,20.85949951086951,0.0,1.7763568394002505e-15
2024-05-21,719.6722412109375,720,30,0.197521967530542,0.067,18.092740594946974,18.092740594946974,0.0,1.7763568394002505e-15
2024-05-22,719.8695678710938,720,36,0.1756179491643559,0.067,18.199557275819927,18.199557275819927,0.0,1.7763568394002505e-15
2024-05-23,736.3468017578125,740,35,0.1834653505201205,0.067,17.223126334553967,17.223126334553967,0.0,1.7763568394002505e-15
2024-05-24,748.4827270507812,750,34,0.1900159693233599,0.067,18.89835374837139,18.89835374837139,0.0,1.7763568394002505e-15
2024-05-27,753.6627807617188,750,31,0.1910884370486903,0.067,20.911561491398288,20.911561491398288,0.0,1.7763568394002505e-15
2024-05-28,755.0441284179688,760,30,0.1896648694990675,0.067,15.997203647881292,15.997203647881292,0.0,1.7763568394002505e-15
2024-05-29,744.0921630859375,740,36,0.1916134395558763,0.067,22.595220344038808,22.595220344038808,0.0,1.7763568394002505e-15
2024-05-30,747.3234252929688,750,35,0.1855534625086428,0.067,18.188241863613996,18.188241863613996,0.0,1.7763568394002505e-15
2024-05-31,755.5620727539062,760,34,0.1861149085196166,0.067,17.26206305006906,17.26206305006906,0.0,1.7763568394002505e-15
2024-06-03,775.6160278320312,780,31,0.1970442370668766,0.067,17.786731212103348,17.786731212103348,0.0,1.7763568394002505e-15
2024-06-04,731.684814453125,730,30,0.2537256669212888,0.067,24.11444930091204,24.114449300912042,3.552713678800501e-15,5.329070518200751e-15
2024-06-05,765.5520629882812,770,36,0.2836304671967727,0.067,27.497486591564268,27.497486591564268,0.0,5.329070518200751e-15
2024-06-06,769.4493408203125,770,35,0.283522549374452,0.067,29.11204263351192,29.11204263351192,0.0,5.329070518200751e-15
2024-06-07,776.183349609375,780,34,0.2842624415708,0.067,27.35995478151085,27.35995478151085,0.0,5.329070518200751e-15
2024-06-10,770.2387084960938,770,31,0.2855168271794914,0.067,27.854585550191302,27.854585550191302,0.0,5.329070518200751e-15
2024-06-11,771.9653930664062,770,30,0.2854476922021672,0.067,28.31311275829131,28.31311275829131,0.0,5.329070518200751e-15
2024-06-12,776.5780029296875,780,36,0.2837507414742874,0.067,28.434706958087475,28.434706958087475,0.0,5.329070518200751e-15
2024-06-13,779.8340454101562,780,35,0.2829337582482593,0.067,29.647137070538008,29.647137070538008,0.0,5.329070518200751e-15
2024-06-14,787.80126953125,790,34,0.2834253444483634,0.067,28.51129521773504,28.51129521773504,0.0,5.329070518200751e-15
2024-06-18,793.1786499023438,790,30,0.2821150960986126,0.067,29.399549031185813,29.399549031185813,0.0,5.329070518200751e-15
2024-06-19,817.869873046875,820,36,0.2938035592485886,0.067,31.699032856581425,31.699032856581425,0.0,5.329070518200751e-15
2024-06-20,823.5431518554688,820,35,0.2908518484943048,0.067,34.02869593184954,34.02869593184954,0.0,5.329070518200751e-15
2024-06-21,821.7671508789062,820,34,0.285513379542824,0.067,32.0057167417425,32.0057167417425,0.0,5.329070518200751e-15
2024-06-24,825.0478515625,830,31,0.2726163006366289,0.067,26.026110773500363,26.026110773500363,0.0,5.329070518200751e-15
2024-06-25,844.2631225585938,840,30,0.2774181381749681,0.067,31.31279045356996,31.31279045356996,0.0,5.329070518200751e-15
2024-06-26,839.40380859375,840,36,0.278748526470548,0.067,31.75450315535028,31.754503155350278,-3.552713678800501e-15,1.7763568394002505e-15
2024-06-27,836.7644653320312,840,35,0.2797837508684808,0.067,29.960178065154423,29.960178065154423,0.0,1.7763568394002505e-15
2024-06-28,830.6718139648438,830,34,0.2755585117204151,0.067,30.779856880021384,30.779856880021384,0.0,1.7763568394002505e-15
2024-07-01,841.2291259765625,840,31,0.2749122881559021,0.067,29.889036200883368,29.889036200883368,0.0,1.7763568394002505e-15
2024-07-02,853.7597045898438,850,30,0.2761914231644931,0.067,31.25321164301897,31.25321164301897,0.0,1.7763568394002505e-15
2024-07-03,872.5310668945312,870,36,0.2786267231601327,0.067,34.61477771167591,34.61477771167591,0.0,1.7763568394002505e-15
2024-07-04,852.0578002929688,850,35,0.2916229502920398,0.067,34.44784386039265,34.44784386039265,0.0,1.7763568394002505e-15
2024-07-05,813.0598754882812,810,34,0.3241195973598678,0.067,36.127178015267134,36.127178015267134,0.0,1.7763568394002505e-15
2024-07-08,806.7698974609375,810,31,0.3232205484110533,0.067,30.96853670624938,30.96853670624938,0.0,1.7763568394002505e-15
2024-07-09,807.3372192382812,810,30,0.3229867537007336,0.067,30.681507867711275,30.681507867711275,0.0,1.7763568394002505e-15
2024-07-10,802.2066040039062,800,36,0.3239630277262113,0.067,36.27004840984614,36.27004840984614,0.0,1.7763568394002505e-15
2024-07-11,800.1345825195312,800,35,0.3204544321185403,0.067,34.25721798820973,34.25721798820973,0.0,1.7763568394002505e-15
2024-07-12,800.5292358398438,800,34,0.3204485349385736,0.067,33.94563783133833,33.94563783133833,0.0,1.7763568394002505e-15
2024-07-15,800.2332763671875,800,31,0.3194655635826379,0.067,32.070573017624724,32.070573017624724,0.0,1.7763568394002505e-15
2024-07-16,799.073974609375,800,30,0.3111464745043676,0.067,30.132748745533775,30.132748745533775,0.0,1.7763568394002505e-15
2024-07-18,796.6319580078125,800,35,0.2559546487736232,0.067,26.042438755698868,26.042438755698868,0.0,1.7763568394002505e-15
2024-07-19,792.9320068359375,790,34,0.2228177403071024,0.067,25.5537636239751,25.5537636239751,0.0,1.7763568394002505e-15
2024-07-22,810.3218994140625,810,31,0.2304237358578806,0.067,24.186374105889,24.186374105889,0.0,1.7763568394002505e-15
2024-07-23,798.407958984375,800,30,0.2342793404293723,0.067,22.781901291231293,22.781901291231293,0.0,1.7763568394002505e-15
2024-07-24,791.3286743164062,790,36,0.2346954138025734,0.067,26.57989365671716,26.57989365671716,0.0,1.7763568394002505e-15
2024-07-25,797.5199584960938,800,35,0.2355213478329826,0.067,24.506352705262373,24.506352705262373,0.0,1.7763568394002505e-15
2024-07-26,798.2846069335938,800,34,0.2350679973208716,0.067,24.46482192743696,24.464821927436958,-3.552713678800501e-15,-1.7763568394002505e-15
2024-07-29,791.822021484375,790,31,0.2362873659973481,0.067,24.95987406637323,24.95987406637323,0.0,-1.7763568394002505e-15
2024-07-30,797.001953125,800,30,0.2352269221420093,0.067,22.12432679166892,22.12432679166892,0.0,-1.7763568394002505e-15
2024-07-31,797.1005859375,800,36,0.2344391685384857,0.067,24.576943866518036,24.576943866518036,0.0,-1.7763568394002505e-15
2024-08-01,808.471923828125,810,35,0.220244997918732,0.067,23.82134029887419,23.82134029887419,0.0,-1.7763568394002505e-15
2024-08-02,818.5111694335938,820,34,0.2223598102908288,0.067,23.960973973592843,23.960973973592843,0.0,-1.7763568394002505e-15
2024-08-05,797.1005859375,800,31,0.2350540043506333,0.067,22.58653916927142,22.58653916927142,0.0,-1.7763568394002505e-15
2024-08-06,789.922607421875,790,30,0.235678317653305,0.067,23.429616298350936,23.429616298350936,0.0,-1.7763568394002505e-15
2024-08-07,800.9238891601562,800,36,0.2287891242175209,0.067,26.09447275275795,26.09447275275795,0.0,-1.7763568394002505e-15
2024-08-08,810.3958740234375,810,35,0.2317373538767407,0.067,26.01400017128049,26.014000171280486,-3.552713678800501e-15,-5.329070518200751e-15
2024-08-09,814.0958251953125,810,34,0.2322414794675304,0.067,27.74374710827192,27.74374710827192,0.0,-5.329070518200751e-15
2024-08-12,818.9798583984375,820,31,0.2322567852375417,0.067,23.925618874341012,23.925618874341012,0.0,-5.329070518200751e-15
2024-08-13,790.9092407226562,790,30,0.2491648569863837,0.067,25.18087577231836,25.18087577231836,0.0,-5.329070518200751e-15
2024-08-14,793.1786499023438,790,36,0.2445151369287303,0.067,28.5865887112534,28.5865887112534,0.0,-5.329070518200751e-15
2024-08-16,805.1666259765625,810,34,0.2394409113718293,0.067,23.5690086192983,23.5690086192983,0.0,-5.329070518200751e-15
2024-08-19,804.895263671875,800,31,0.2310081593146361,0.067,26.532935682289235,26.532935682289235,0.0,-5.329070518200751e-15
2024-08-20,807.9292602539062,810,30,0.1879961330153719,0.067,18.558898705836157,18.558898705836157,0.0,-5.329070518200751e-15
2024-08-21,802.0586547851562,800,36,0.1878357179715938,0.067,22.677346315466536,22.677346315466536,0.0,-5.329070518200751e-15
2024-08-22,804.77197265625,800,35,0.1881065563902237,0.067,23.948905549126607,23.948905549126607,0.0,-5.329070518200751e-15
2024-08-23,801.6885986328125,800,34,0.1875146824193166,0.067,21.751864707158404,21.751864707158404,0.0,-5.329070518200751e-15
2024-08-26,809.0392456054688,810,31,0.1891881863286691,0.067,19.630055094209183,19.630055094209183,0.0,-5.329070518200751e-15
2024-08-27,807.9539184570312,810,30,0.1892524994212719,0.067,18.68774071038473,18.68774071038473,0.0,-5.329070518200751e-15
2024-08-28,807.6332397460938,810,36,0.1892533622341578,0.067,20.632944030009018,20.632944030009014,-3.552713678800501e-15,-8.881784197001252e-15
2024-08-29,808.3485717773438,810,35,0.1891860228064676,0.067,20.66897077654994,20.66897077654994,0.0,-8.881784197001252e-15
2024-08-30,807.5346069335938,810,34,0.1889545383716419,0.067,19.86226891289607,19.86226891289607,0.0,-8.881784197001252e-15
2024-09-02,802.6258544921875,800,31,0.1893391084704797,0.067,21.401636795462537,21.401636795462537,0.0,-8.881784197001252e-15
2024-09-03,807.756591796875,810,30,0.1793107313759056,0.067,17.66712978817702,17.66712978817702,0.0,-8.881784197001252e-15
2024-09-04,809.951904296875,810,36,0.173934276902911,0.067,20.360489912353785,20.360489912353785,0.0,-8.881784197001252e-15
2024-09-05,811.7525024414062,810,35,0.1716924780459258,0.067,20.834863782312652,20.834863782312652,0.0,-8.881784197001252e-15
2024-09-06,807.5592041015625,810,34,0.1712493973986917,0.067,18.140935142713204,18.140935142713204,0.0,-8.881784197001252e-15
2024-09-09,812.2705688476562,810,31,0.1719603886787181,0.067,19.83396808478676,19.83396808478676,0.0,-8.881784197001252e-15
2024-09-10,814.1698608398438,810,30,0.1700194688775942,0.067,20.42951513702735,20.42951513702735,0.0,-8.881784197001252e-15
2024-09-11,810.9879150390625,810,36,0.1697266460535137,0.067,20.52264414733719,20.52264414733719,0.0,-8.881784197001252e-15
2024-09-12,822.1865234375,820,35,0.1739277731535277,0.067,21.552494689474656,21.552494689474656,0.0,-8.881784197001252e-15
2024-09-13,821.8658447265625,820,34,0.1694359196268587,0.067,20.593735700471996,20.593735700471996,0.0,-8.881784197001252e-15
2024-09-16,824.3324584960938,820,31,0.1659119241652232,0.067,20.709890277811553,20.709890277811553,0.0,-8.881784197001252e-15
2024-09-17,823.2718505859375,820,30,0.1454244412007777,0.067,17.866468634750788,17.866468634750788,0.0,-8.881784197001252e-15
2024-09-18,836.0984497070312,840,36,0.1479240959687436,0.067,16.30839087933333,16.30839087933333,0.0,-8.881784197001252e-15
2024-09-19,842.8571166992188,840,35,0.1447862543762629,0.067,19.477432869996846,19.477432869996846,0.0,-8.881784197001252e-15
2024-09-20,858.989013671875,860,34,0.1505235355693203,0.067,17.96726045227308,17.96726045227308,0.0,-8.881784197001252e-15
2024-09-23,868.1651000976562,870,31,0.1524555088991737,0.067,16.960172204293656,16.960172204293656,0.0,-8.881784197001252e-15
2024-09-24,872.2350463867188,870,30,0.1522168544005582,0.067,18.887344459148892,18.887344459148892,0.0,-8.881784197001252e-15
2024-09-25,877.686279296875,880,36,0.1046321896204787,0.067,13.307623475934122,13.307623475934122,0.0,-8.881784197001252e-15
2024-09-26,879.8323364257812,880,35,0.1046606291476764,0.067,14.283012015401596,14.283012015401596,0.0,-8.881784197001252e-15
2024-09-27,864.6376953125,860,34,0.115232636699998,0.067,17.707133221256413,17.707133221256413,0.0,-8.881784197001252e-15
2024-09-30,854.47509765625,850,31,0.1221812013685591,0.067,17.285845540735863,17.285845540735863,0.0,-8.881784197001252e-15
2024-10-01,851.5890502929688,850,30,0.1230339824051414,0.067,15.327198607928151,15.327198607928153,1.7763568394002505e-15,-7.105427357601002e-15
2024-10-03,829.7838134765625,830,35,0.1448779395342695,0.067,17.49353278693212,17.49353278693212,0.0,-7.105427357601002e-15
2024-10-04,817.771240234375,820,34,0.1516526123089882,0.067,16.552446842371182,16.552446842371182,0.0,-7.105427357601002e-15
2024-10-07,798.1119384765625,800,31,0.1675842346714591,0.067,16.88470188196061,16.88470188196061,0.0,-7.105427357601002e-15
2024-10-08,814.5152587890625,810,30,0.1759254323186602,0.067,21.169445839393916,21.169445839393916,0.0,-7.105427357601002e-15
2024-10-09,805.6845703125,810,36,0.1788227232095529,0.067,18.551639015898783,18.551639015898786,3.552713678800501e-15,-3.552713678800501e-15
2024-10-10,820.114501953125,820,35,0.1861415020022935,0.067,21.59918653846057,21.59918653846057,0.0,-3.552713678800501e-15
2024-10-11,814.4905395507812,810,34,0.1873628388959976,0.067,23.624693181334298,23.624693181334294,-3.552713678800501e-15,-7.105427357601002e-15
2024-10-14,832.7931518554688,830,31,0.1978108446194377,0.067,23.04961681542943,23.04961681542943,0.0,-7.105427357601002e-15
2024-10-15,830.81982421875,830,30,0.1969378226477671,0.067,21.462856568585497,21.462856568585494,-3.552713678800501e-15,-1.0658141036401503e-14
2024-10-16,838.565185546875,840,36,0.1977860390244394,0.067,22.839273814758258,22.839273814758258,0.0,-1.0658141036401503e-14
2024-10-17,825.4178466796875,830,35,0.203783001144999,0.067,21.13570248127712,21.13570248127712,0.0,-1.0658141036401503e-14
2024-10-18,829.7098388671875,830,34,0.204165005895986,0.067,23.09059907545168,23.090599075451678,-3.552713678800501e-15,-1.4210854715202004e-14
2024-10-21,852.8223876953125,850,31,0.2174562465992354,0.067,25.500050500049383,25.500050500049383,0.0,-1.4210854715202004e-14
2024-10-22,845.841796875,850,30,0.219012648476855,0.067,21.43363016539365,21.43363016539365,0.0,-1.4210854715202004e-14
2024-10-23,856.3251342773438,860,36,0.221301930248883,0.067,24.718826059428693,24.718826059428693,0.0,-1.4210854715202004e-14
2024-10-24,863.15771484375,860,35,0.2213649420827381,0.067,28.06793077091413,28.06793077091413,0.0,-1.4210854715202004e-14
2024-10-25,860.0744018554688,860,34,0.2191285571242127,0.067,25.685773195058175,25.685773195058175,0.0,-1.4210854715202004e-14
2024-10-28,855.5357055664062,860,31,0.2199550520754296,0.067,22.07780147814452,22.077801478144522,3.552713678800501e-15,-1.0658141036401503e-14
2024-10-29,864.2430419921875,860,30,0.2213880582775095,0.067,26.54221316591139,26.54221316591139,0.0,-1.0658141036401503e-14
2024-10-30,855.7330322265625,860,36,0.22374872811865,0.067,24.669732594916184,24.669732594916184,0.0,-1.0658141036401503e-14
2024-10-31,856.2757568359375,860,35,0.219678311549299,0.067,24.111833185196588,24.111833185196588,0.0,-1.0658141036401503e-14
2024-11-01,857.0650634765625,860,34,0.2186011041098446,0.067,24.00415186410703,24.00415186410703,0.0,-1.0658141036401503e-14
2024-11-04,845.6197509765625,850,31,0.2150426975793937,0.067,21.355089560034855,21.355089560034855,0.0,-1.0658141036401503e-14
2024-11-05,867.2030029296875,870,30,0.2255058319335104,0.067,23.34167579344768,23.341675793447678,-3.552713678800501e-15,-1.4210854715202004e-14
2024-11-06,865.9203491210938,870,36,0.225093089898837,0.067,25.22632430021895,25.22632430021895,0.0,-1.4210854715202004e-14
2024-11-07,861.62841796875,860,35,0.2246345250929276,0.067,27.544817978558513,27.544817978558513,0.0,-1.4210854715202004e-14
2024-11-08,865.525634765625,870,34,0.2249593906683354,0.067,24.162265876261245,24.162265876261245,0.0,-1.4210854715202004e-14
2024-11-11,871.3717041015625,870,31,0.2200539639206971,0.067,25.505430845888895,25.505430845888895,0.0,-1.4210854715202004e-14
2024-11-12,847.6424560546875,850,30,0.2320170179803153,0.067,23.632796364006992,23.632796364006992,0.0,-1.4210854715202004e-14
2024-11-13,829.463134765625,830,36,0.2400724619243043,0.067,27.411626722573317,27.411626722573317,0.0,-1.4210854715202004e-14
2024-11-14,835.087158203125,840,35,0.2288535458995785,0.067,23.83200293408919,23.83200293408919,0.0,-1.4210854715202004e-14
2024-11-18,841.1797485351562,840,31,0.2253137849611843,0.067,25.05458348185141,25.05458348185141,0.0,-1.4210854715202004e-14
2024-11-19,859.507080078125,860,30,0.2197671273659159,0.067,23.72836796550456,23.72836796550456,0.0,-1.4210854715202004e-14
2024-11-21,858.989013671875,860,35,0.2132519860337946,0.067,24.885810521524263,24.885810521524263,0.0,-1.4210854715202004e-14
2024-11-22,861.15966796875,860,34,0.209841673478532,0.067,25.32467460185677,25.32467460185677,0.0,-1.4210854715202004e-14
2024-11-25,880.8929443359375,880,31,0.213446697484338,0.067,24.853309039304975,24.853309039304975,0.0,-1.4210854715202004e-14
2024-11-26,880.8683471679688,880,30,0.2117796102883961,0.067,24.235975413596464,24.235975413596464,0.0,-1.4210854715202004e-14
2024-11-27,894.06494140625,890,36,0.2068788038987253,0.067,28.34393869527844,28.34393869527844,0.0,-1.4210854715202004e-14
2024-11-28,884.6176147460938,880,35,0.2098812491745977,0.067,28.291839083356933,28.291839083356933,0.0,-1.4210854715202004e-14
2024-11-29,886.04833984375,890,34,0.208772908059707,0.067,23.301171338651727,23.301171338651727,0.0,-1.4210854715202004e-14
2024-12-02,890.3156127929688,890,31,0.2020796543326604,0.067,23.64408124605245,23.64408124605245,0.0,-1.4210854715202004e-14
2024-12-03,900.9715576171876,900,30,0.2037773344454307,0.067,24.01658623069341,24.016586230693406,-3.552713678800501e-15,-1.7763568394002505e-14
2024-12-04,917.6461791992188,920,36,0.195703029048977,0.067,24.35277689284618,24.35277689284618,0.0,-1.7763568394002505e-14
2024-12-05,920.4335327148438,920,35,0.1930761544080242,0.067,25.18349309745753,25.18349309745753,0.0,-1.7763568394002505e-14
2024-12-06,915.5494995117188,920,34,0.1923001317759414,0.067,22.061776630098336,22.061776630098336,0.0,-1.7763568394002505e-14
2024-12-09,922.5302124023438,920,31,0.1922119617126946,0.067,24.634347859202308,24.634347859202308,0.0,-1.7763568394002505e-14
2024-12-10,921.5928344726562,920,30,0.1916833589270028,0.067,23.625950425134533,23.625950425134533,0.0,-1.7763568394002505e-14
2024-12-11,919.1261596679688,920,36,0.1909324208301512,0.067,24.6122031568014,24.6122031568014,0.0,-1.7763568394002505e-14
2024-12-12,917.2268676757812,920,35,0.1899072307022206,0.067,23.0743224458904,23.074322445890402,3.552713678800501e-15,-1.4210854715202004e-14
2024-12-13,923.3934936523438,920,34,0.1869549466984008,0.067,25.7871661185996,25.7871661185996,0.0,-1.4210854715202004e-14
2024-12-16,920.1621704101562,920,31,0.1877044705264249,0.067,22.82591848979331,22.82591848979331,0.0,-1.4210854715202004e-14
2024-12-17,904.4002685546876,900,30,0.1961692787658437,0.067,25.198506596940888,25.198506596940888,0.0,-1.4210854715202004e-14
2024-12-18,893.275634765625,890,36,0.1954721657651232,0.067,26.634768855768073,26.634768855768073,0.0,-1.4210854715202004e-14
2024-12-19,884.790283203125,880,35,0.1850274208229324,0.067,25.743886941571475,25.743886941571475,0.0,-1.4210854715202004e-14
2024-12-20,873.93701171875,870,34,0.1887643973426995,0.067,24.99822171950342,24.99822171950342,0.0,-1.4210854715202004e-14
2024-12-23,888.4902954101562,890,31,0.1937504791878446,0.067,21.791835577558913,21.791835577558913,0.0,-1.4210854715202004e-14
2024-12-24,887.0596313476562,890,30,0.1936050001405046,0.067,20.60728082847743,20.60728082847743,0.0,-1.4210854715202004e-14
2024-12-26,883.4336547851562,880,35,0.1932746851389937,0.067,25.827606959121567,25.827606959121567,0.0,-1.4210854715202004e-14
2024-12-27,887.1336669921875,890,34,0.1741749473770773,0.067,20.14899733134064,20.148997331340638,-3.552713678800501e-15,-1.7763568394002505e-14
2024-12-30,877.0943603515625,880,31,0.1645467521606526,0.067,17.822502462052228,17.822502462052228,0.0,-1.7763568394002505e-14
2024-12-31,874.6029663085938,870,30,0.1644172555207858,0.067,21.473608748828497,21.473608748828497,0.0,-1.7763568394002505e-14
2025-01-01,879.4869995117188,880,36,0.1639757189137158,0.067,20.77695752077597,20.776957520775966,-3.552713678800501e-15,-2.1316282072803006e-14
2025-01-02,884.9136352539062,880,35,0.1533251497268646,0.067,22.463157793676487,22.463157793676487,0.0,-2.1316282072803006e-14
2025-01-03,862.9356689453125,860,34,0.1710015320217869,0.067,22.326707625159884,22.326707625159884,0.0,-2.1316282072803006e-14
2025-01-06,843.84375,840,31,0.1828176336936818,0.067,22.476874874876557,22.476874874876557,0.0,-2.1316282072803006e-14
2025-01-07,845.2744140625,850,30,0.1691533569949011,0.067,16.323351547366087,16.323351547366087,0.0,-2.1316282072803006e-14
2025-01-08,835.8518676757812,840,36,0.1714678515818299,0.067,18.640410042849112,18.640410042849112,0.0,-2.1316282072803006e-14
2025-01-09,822.778564453125,820,35,0.1686311007582771,0.067,21.36951057066301,21.36951057066301,0.0,-2.1316282072803006e-14
2025-01-10,817.3272094726562,820,34,0.1674115490324561,0.067,17.87648872428764,17.87648872428764,0.0,-2.1316282072803006e-14
2025-01-13,804.5499267578125,800,31,0.1711070992265348,0.067,20.86915892714677,20.86915892714677,0.0,-2.1316282072803006e-14
2025-01-14,812.3198852539062,810,30,0.1736137797569628,0.067,19.671613292722668,19.671613292722668,0.0,-2.1316282072803006e-14
2025-01-15,810.568603515625,810,36,0.167774831155974,0.067,20.089354617677316,20.089354617677316,0.0,-2.1316282072803006e-14
2025-01-16,815.0086059570312,820,35,0.1569992159232883,0.067,15.933518834985591,15.933518834985591,0.0,-2.1316282072803006e-14
2025-01-17,807.4605712890625,810,34,0.1562986697370726,0.067,16.623880265049536,16.623880265049536,0.0,-2.1316282072803006e-14
2025-01-20,814.6138916015625,810,31,0.1608542275192857,0.067,20.195340394904008,20.195340394904008,0.0,-2.1316282072803006e-14
2025-01-21,810.2479248046875,810,30,0.1571538020430271,0.067,16.988878908923425,16.988878908923425,0.0,-2.1316282072803006e-14
2025-01-22,821.9152221679688,820,36,0.1659756743986311,0.067,20.921423066148577,20.921423066148577,0.0,-2.1316282072803006e-14
2025-01-23,821.347900390625,820,35,0.1661939785651886,0.067,20.29907402358492,20.29907402358492,0.0,-2.1316282072803006e-14
2025-01-24,813.8986206054688,810,34,0.1668272753210188,0.067,21.294138019632783,21.294138019632783,0.0,-2.1316282072803006e-14
2025-01-27,804.0319213867188,800,31,0.1652937196043586,0.067,20.03216322929768,20.03216322929768,0.0,-2.1316282072803006e-14
2025-01-28,824.0612182617188,820,30,0.1857460736750807,0.067,22.029812940620214,22.029812940620218,3.552713678800501e-15,-1.7763568394002505e-14
2025-01-29,827.4651489257812,830,36,0.1824554991210815,0.067,20.381713068674628,20.381713068674628,0.0,-1.7763568394002505e-14
2025-01-30,834.4705200195312,830,35,0.1830920833054365,0.067,24.05889547033911,24.05889547033911,0.0,-1.7763568394002505e-14
2025-01-31,838.047119140625,840,34,0.1827018553074798,0.067,20.286570006358545,20.286570006358545,0.0,-1.7763568394002505e-14
2025-02-01,834.1991577148438,830,33,0.180184095057507,0.067,22.90971507475308,22.90971507475308,0.0,-1.7763568394002505e-14
2025-02-03,827.8104858398438,830,31,0.1725906868094253,0.067,17.874362191755893,17.874362191755893,0.0,-1.7763568394002505e-14
2025-02-04,848.9744873046875,850,30,0.1902487685755026,0.067,20.309674917114023,20.309674917114023,0.0,-1.7763568394002505e-14
2025-02-05,857.311767578125,860,36,0.1928095861347763,0.067,22.193116964831347,22.193116964831347,0.0,-1.7763568394002505e-14
2025-02-06,860.29638671875,860,35,0.1926559399481682,0.067,23.436210793261864,23.436210793261864,0.0,-1.7763568394002505e-14
2025-02-07,854.8204345703125,850,34,0.1908579050132015,0.067,25.209352236682435,25.209352236682435,0.0,-1.7763568394002505e-14
2025-02-10,846.4337158203125,850,31,0.1925678160754456,0.067,19.569016099528767,19.569016099528767,0.0,-1.7763568394002505e-14
2025-02-11,839.3544311523438,840,30,0.1926251488722535,0.067,20.49746602373108,20.49746602373108,0.0,-1.7763568394002505e-14
2025-02-12,842.0184326171875,840,36,0.1917801688232732,0.067,24.138575458978263,24.138575458978266,3.552713678800501e-15,-1.4210854715202004e-14
2025-02-13,837.5291137695312,840,35,0.1788520648245184,0.067,19.961290835029956,19.961290835029956,0.0,-1.4210854715202004e-14
2025-02-14,836.1231079101562,840,34,0.1670247350515404,0.067,17.671733358001575,17.671733358001575,0.0,-1.4210854715202004e-14
2025-02-17,847.2230834960938,850,31,0.1714836347264227,0.067,17.912056689581277,17.912056689581277,0.0,-1.4210854715202004e-14
2025-02-18,850.0350952148438,850,30,0.1683140363687374,0.067,18.776085643761803,18.776085643761803,0.0,-1.4210854715202004e-14
2025-02-19,852.0823974609375,850,36,0.1610827922926913,0.067,21.2312415424002,21.2312415424002,0.0,-1.4210854715202004e-14
2025-02-20,832.2998046875,830,35,0.1749798605820678,0.067,21.971482413232938,21.971482413232934,-3.552713678800501e-15,-1.7763568394002505e-14
2025-02-21,834.9638061523438,830,34,0.1680654359149516,0.067,22.52297323888365,22.52297323888365,0.0,-1.7763568394002505e-14
2025-02-24,827.366455078125,830,31,0.1687321836382798,0.067,17.268007069420605,17.268007069420605,0.0,-1.7763568394002505e-14
2025-02-25,829.9564819335938,830,30,0.1686733473100631,0.067,18.32491718813725,18.32491718813725,0.0,-1.7763568394002505e-14
2025-02-27,839.0091552734375,840,35,0.1706806898814625,0.067,19.923574846762563,19.923574846762563,0.0,-1.7763568394002505e-14
2025-02-28,854.6477661132812,850,34,0.1750798301726332,0.067,23.510974688126566,23.510974688126566,0.0,-1.7763568394002505e-14
2025-03-03,839.428466796875,840,31,0.1829097465907582,0.067,19.980363397030885,19.980363397030885,0.0,-1.7763568394002505e-14
2025-03-04,843.5971069335938,840,30,0.1822301783816652,0.067,21.905561381393795,21.905561381393795,0.0,-1.7763568394002505e-14
2025-03-05,833.73046875,830,36,0.1817872989179607,0.067,23.835581145851503,23.835581145851506,3.552713678800501e-15,-1.4210854715202004e-14
2025-03-06,834.3224487304688,830,35,0.1817545348793648,0.067,23.83697359948212,23.83697359948212,0.0,-1.4210854715202004e-14
2025-03-07,833.3604736328125,830,34,0.1795393052406227,0.067,22.702563792180054,22.702563792180058,3.552713678800501e-15,-1.0658141036401503e-14
2025-03-10,832.4971313476562,830,31,0.1753914018123251,0.067,20.74792335407301,20.74792335407301,0.0,-1.0658141036401503e-14
2025-03-11,831.510498046875,830,30,0.160749407398913,0.067,18.456799054432057,18.456799054432054,-3.552713678800501e-15,-1.4210854715202004e-14
2025-03-12,844.1644287109375,840,36,0.1660805578936293,0.067,22.737730048954973,22.737730048954973,0.0,-1.4210854715202004e-14
2025-03-13,841.9197998046875,840,35,0.1646800452967506,0.067,20.949546348767797,20.949546348767797,0.0,-1.4210854715202004e-14
2025-03-17,843.79443359375,840,31,0.1643560180859905,0.067,20.682931015628753,20.682931015628753,0.0,-1.4210854715202004e-14
2025-03-18,843.79443359375,840,30,0.1637207956148435,0.067,20.280197837160813,20.280197837160813,0.0,-1.4210854715202004e-14
2025-03-19,860.4197387695312,860,36,0.170893318462791,0.067,21.55744339356471,21.55744339356471,0.0,-1.4210854715202004e-14
2025-03-20,872.5803833007812,870,35,0.1599770185628915,0.067,21.545634036954652,21.545634036954652,0.0,-1.4210854715202004e-14
2025-03-21,873.3696899414062,870,34,0.1577592822554775,0.067,21.44787917131282,21.44787917131282,0.0,-1.4210854715202004e-14
2025-03-24,887.9969482421875,890,31,0.1642835982162876,0.067,18.49735314330519,18.49735314330519,0.0,-1.4210854715202004e-14
2025-03-25,898.5789184570312,900,30,0.1655995959589142,0.067,18.803058146029684,18.803058146029684,0.0,-1.4210854715202004e-14
2025-03-26,891.2283325195312,890,36,0.1646705628410383,0.067,22.07525770410956,22.07525770410956,0.0,-1.4210854715202004e-14
2025-03-27,900.5029296875,900,35,0.1636237640325474,0.067,21.44239346808797,21.44239346808797,0.0,-1.4210854715202004e-14
2025-03-28,901.908935546875,900,34,0.1636197237153953,0.067,21.895698525581626,21.895698525581622,-3.552713678800501e-15,-1.7763568394002505e-14
2025-04-01,872.1363525390625,870,30,0.1928917390267044,0.067,22.817211379156845,22.817211379156845,0.0,-1.7763568394002505e-14
2025-04-02,886.4676513671875,890,36,0.1974228324089594,0.067,23.07897426609253,23.07897426609253,0.0,-1.7763568394002505e-14
2025-04-03,885.456298828125,890,35,0.1946833705118795,0.067,21.86161327303944,21.86161327303944,0.0,-1.7763568394002505e-14
2025-04-04,896.5316162109375,900,34,0.1972097873204855,0.067,22.581199134779467,22.581199134779467,0.0,-1.7763568394002505e-14
2025-04-07,867.1289672851562,870,31,0.2218932172050965,0.067,23.387752586775207,23.387752586775207,0.0,-1.7763568394002505e-14
2025-04-08,872.7777099609375,870,30,0.2103414411026378,0.067,24.89730409044597,24.89730409044597,0.0,-1.7763568394002505e-14
2025-04-09,870.7303466796875,870,36,0.2105856850902966,0.067,26.259269983862396,26.259269983862396,0.0,-1.7763568394002505e-14
2025-04-11,891.3269653320312,890,34,0.2174243789238931,0.067,27.09274010032169,27.09274010032169,0.0,-1.7763568394002505e-14
2025-04-15,920.01416015625,920,30,0.233324990893825,0.067,27.09605225847065,27.09605225847065,0.0,-1.7763568394002505e-14
2025-04-16,926.476806640625,930,36,0.2325275402237625,0.067,28.26847964100972,28.26847964100972,0.0,-1.7763568394002505e-14
2025-04-17,940.6353759765624,940,35,0.2308477808861633,0.067,30.183981005950955,30.183981005950955,0.0,-1.7763568394002505e-14
2025-04-21,950.6994018554688,950,31,0.2228079221766337,0.067,27.70922955657892,27.70922955657892,0.0,-1.7763568394002505e-14
2025-04-22,967.7686767578124,970,30,0.2262920596614882,0.067,26.581390358138098,26.581390358138094,-3.552713678800501e-15,-2.1316282072803006e-14
2025-04-23,949.1207885742188,950,36,0.2321417873831791,0.067,30.293282717621537,30.293282717621537,0.0,-2.1316282072803006e-14
2025-04-24,945.6181030273438,950,35,0.2330869684867235,0.067,28.058024330522073,28.058024330522073,0.0,-2.1316282072803006e-14
2025-04-25,942.8554077148438,940,34,0.2334951901166539,0.067,31.253627783525474,31.253627783525474,0.0,-2.1316282072803006e-14
2025-04-28,947.29541015625,950,31,0.2329867736093109,0.067,26.98433080892289,26.98433080892289,0.0,-2.1316282072803006e-14
2025-04-29,941.6715087890624,940,30,0.234369358328807,0.067,28.710116448297015,28.710116448297015,0.0,-2.1316282072803006e-14
2025-04-30,949.6633911132812,950,36,0.2324522355920321,0.067,30.626798576660235,30.626798576660235,0.0,-2.1316282072803006e-14
2025-05-02,948.1340942382812,950,34,0.232213264084125,0.067,28.8158990990558,28.815899099055798,-3.552713678800501e-15,-2.4868995751603507e-14
2025-05-05,955.4847412109376,960,31,0.2324027970822776,0.067,26.26839211850927,26.26839211850927,0.0,-2.4868995751603507e-14
2025-05-06,952.9686889648438,950,30,0.2329363500388725,0.067,29.57837554712694,29.57837554712694,0.0,-2.4868995751603507e-14
2025-05-07,959.8259887695312,960,36,0.2285251305205061,0.067,30.571827081546814,30.571827081546814,0.0,-2.4868995751603507e-14
2025-05-08,951.3900756835938,950,35,0.2290982241385761,0.067,30.717425289268817,30.717425289268817,0.0,-2.4868995751603507e-14
2025-05-09,932.248779296875,930,34,0.2387494563767439,0.067,31.185250265177046,31.185250265177046,0.0,-2.4868995751603507e-14
2025-05-12,965.5486450195312,970,31,0.2539884396868228,0.067,29.0197021002337,29.0197021002337,0.0,-2.4868995751603507e-14
2025-05-13,948.4794311523438,950,30,0.2593062228801998,0.067,29.95539795277847,29.95539795277847,0.0,-2.4868995751603507e-14
2025-05-14,942.5594482421876,940,36,0.258711904158961,0.067,34.97718807958381,34.97718807958381,0.0,-2.4868995751603507e-14
2025-05-15,954.0047607421876,950,35,0.2592485807971457,0.067,35.69424782565807,35.69424782565807,0.0,-2.4868995751603507e-14
2025-05-16,954.44873046875,950,34,0.2592813465811828,0.067,35.42453757312501,35.42453757312501,0.0,-2.4868995751603507e-14
2025-05-19,956.4220581054688,960,31,0.2365075957905793,0.067,27.213341368868157,27.213341368868157,0.0,-2.4868995751603507e-14
2025-05-20,944.6807861328124,940,30,0.2371638577866103,0.067,30.709419714596265,30.709419714596265,0.0,-2.4868995751603507e-14
2025-05-21,950.5514526367188,950,36,0.2372403190637549,0.067,31.681364201565145,31.681364201565145,0.0,-2.4868995751603507e-14
2025-05-22,947.1474609375,950,35,0.2358729869985733,0.067,29.191597960282134,29.191597960282138,3.552713678800501e-15,-2.1316282072803006e-14
2025-05-23,953.906005859375,950,34,0.2113095302461783,0.067,29.63401748996239,29.63401748996239,0.0,-2.1316282072803006e-14
2025-05-26,957.1620483398438,960,31,0.2110781413068211,0.067,24.781501962443087,24.781501962443087,0.0,-2.1316282072803006e-14
2025-05-27,950.3048095703124,950,30,0.2126201324962091,0.067,25.904990633073453,25.904990633073453,0.0,-2.1316282072803006e-14
2025-05-28,948.9234619140624,950,36,0.2038519178997829,0.067,26.844262674883055,26.844262674883055,0.0,-2.1316282072803006e-14
2025-05-29,950.896728515625,950,35,0.1835569856872603,0.067,25.15106836082248,25.151068360822478,-3.552713678800501e-15,-2.4868995751603507e-14
2025-05-30,959.4807739257812,960,34,0.1842010728934695,0.067,24.29242664091248,24.29242664091248,0.0,-2.4868995751603507e-14
2025-06-02,953.1660766601562,950,31,0.1805941480087382,0.067,24.491011097804517,24.491011097804517,0.0,-2.4868995751603507e-14
2025-06-03,949.466064453125,950,30,0.1783584822392786,0.067,21.750524901212373,21.750524901212373,0.0,-2.4868995751603507e-14
2025-06-04,957.6553955078124,960,36,0.1722482600409639,0.067,22.671833550252416,22.671833550252416,0.0,-2.4868995751603507e-14
2025-06-05,961.7993774414062,960,35,0.1628580470759457,0.067,23.50226227767928,23.50226227767928,0.0,-2.4868995751603507e-14
2025-06-06,976.1552734375,980,34,0.1675404736979202,0.067,21.03462892804015,21.03462892804015,0.0,-2.4868995751603507e-14
2025-06-09,976.2539672851562,980,31,0.167144020977601,0.067,19.87302711973689,19.87302711973689,0.0,-2.4868995751603507e-14
2025-06-10,969.5447387695312,970,30,0.1683848238263992,0.067,21.160594032028825,21.160594032028825,0.0,-2.4868995751603507e-14
2025-06-11,962.194091796875,960,36,0.1690269758394799,0.067,24.826446564978255,24.826446564978255,0.0,-2.4868995751603507e-14
2025-06-12,958.74072265625,960,35,0.1678399699513614,0.067,22.366188222718392,22.366188222718392,0.0,-2.4868995751603507e-14
2025-06-13,946.0127563476562,950,34,0.1724080378076863,0.067,20.813032103133537,20.813032103133537,0.0,-2.4868995751603507e-14
2025-06-16,954.7940673828124,950,31,0.1730589583396564,0.067,24.6289586891902,24.6289586891902,0.0,-2.4868995751603507e-14
2025-06-17,951.9327392578124,950,30,0.1731100007355041,0.067,22.56585304779776,22.56585304779776,0.0,-2.4868995751603507e-14
2025-06-18,954.0540771484376,950,36,0.1719104813482818,0.067,26.00347877004708,26.00347877004708,0.0,-2.4868995751603507e-14
2025-06-19,954.7447509765624,950,35,0.1699632904082046,0.067,25.8110393114747,25.8110393114747,0.0,-2.4868995751603507e-14
2025-06-20,969.2486572265624,970,34,0.1638234002721372,0.067,22.03586686676067,22.03586686676067,0.0,-2.4868995751603507e-14
2025-06-23,961.2073364257812,960,31,0.1310357267101841,0.067,18.16022541973416,18.16022541973416,0.0,-2.4868995751603507e-14
2025-06-24,967.3740234375,970,30,0.121055478760151,0.067,14.768277738130225,14.768277738130223,-1.7763568394002505e-15,-2.6645352591003757e-14
2025-06-25,976.8953247070312,980,36,0.1220214504414024,0.067,16.643133745271598,16.643133745271598,0.0,-2.6645352591003757e-14
2025-06-26,997.41796875,1000,35,0.1310594658012107,0.067,18.09993382161258,18.09993382161258,0.0,-2.6645352591003757e-14
2025-06-27,1004.9491577148438,1000,34,0.1321743276399419,0.067,22.280955625935235,22.280955625935235,0.0,-2.6645352591003757e-14
2025-06-30,998.2658081054688,1000,31,0.1343828804085204,0.067,17.614304519474217,17.614304519474217,0.0,-2.6645352591003757e-14
2025-07-01,1003.5526123046876,1000,30,0.1282491344063593,0.067,19.61728352984653,19.61728352984653,0.0,-2.6645352591003757e-14
2025-07-02,990.5350341796876,990,36,0.1347683668183671,0.067,20.42933062816587,20.42933062816587,0.0,-2.6645352591003757e-14
2025-07-03,991.0836181640624,990,35,0.1339758383831341,0.067,20.3202076775284,20.3202076775284,0.0,-2.6645352591003757e-14
2025-07-04,992.1809692382812,990,34,0.132921446455754,0.067,20.504398172148967,20.504398172148967,0.0,-2.6645352591003757e-14
2025-07-07,991.2332763671876,990,31,0.1329250552461003,0.067,18.934342035268628,18.934342035268628,0.0,-2.6645352591003757e-14
2025-07-08,998.2159423828124,1000,30,0.1315357159972223,0.067,16.915279679035507,16.915279679035507,0.0,-2.6645352591003757e-14
2025-07-09,1003.1036987304688,1000,36,0.131523041431465,0.067,21.745737056846224,21.745737056846224,0.0,-2.6645352591003757e-14
2025-07-10,1000.6099243164062,1000,35,0.1321192688806697,0.067,20.020130670691177,20.020130670691174,-3.552713678800501e-15,-3.019806626980426e-14
2025-07-11,989.3878784179688,990,34,0.1354192854193878,0.067,19.190651657626404,19.190651657626404,0.0,-3.019806626980426e-14
2025-07-14,989.0387573242188,990,31,0.1335594728927069,0.067,17.761383272208946,17.761383272208946,0.0,-3.019806626980426e-14
2025-07-15,995.2732543945312,1000,30,0.1334245046440028,0.067,15.566844744929654,15.566844744929654,0.0,-3.019806626980426e-14
2025-07-16,995.6722412109376,1000,36,0.1317825193964461,0.067,17.573748594574,17.573748594574,0.0,-3.019806626980426e-14
2025-07-17,990.98388671875,990,35,0.1325834330152299,0.067,20.095332670778816,20.095332670778816,0.0,-3.019806626980426e-14
2025-07-18,976.2705078125,980,34,0.1336941571301975,0.067,17.083847711353883,17.083847711353883,0.0,-3.019806626980426e-14
2025-07-21,997.7670288085938,1000,31,0.1478464114673875,0.067,18.895540634449844,18.895540634449844,0.0,-3.019806626980426e-14
2025-07-22,1001.058837890625,1000,30,0.1462218679620376,0.067,20.165019738768024,20.165019738768024,0.0,-3.019806626980426e-14
2025-07-23,1009.6375122070312,1010,36,0.145380994256029,0.067,21.647706857105277,21.647706857105277,0.0,-3.019806626980426e-14
2025-07-24,1004.5999755859376,1000,35,0.1458744247362743,0.067,24.037571458182015,24.037571458182015,0.0,-3.019806626980426e-14
2025-07-25,1002.2999877929688,1000,34,0.1394191272216929,0.067,21.54174327520559,21.54174327520559,0.0,-3.019806626980426e-14
2025-07-28,1004.25,1000,31,0.1376864002448578,0.067,21.444973405826204,21.444973405826204,0.0,-3.019806626980426e-14
2025-07-29,1010.7999877929688,1010,30,0.1376313165520865,0.067,19.235286687453936,19.235286687453936,0.0,-3.019806626980426e-14
2025-07-30,1012.9000244140624,1010,36,0.1376298612941825,0.067,22.57441939381272,22.57441939381272,0.0,-3.019806626980426e-14
2025-07-31,1009.0999755859376,1010,35,0.1385993972534434,0.067,20.155995403122688,20.155995403122688,0.0,-3.019806626980426e-14
2025-08-01,1006.0999755859376,1010,34,0.1334023710562139,0.067,17.54122672268693,17.54122672268693,0.0,-3.019806626980426e-14
2025-08-04,996.0,1000,31,0.1345911388270683,0.067,16.422831208468665,16.422831208468665,0.0,-3.019806626980426e-14
2025-08-05,988.7999877929688,990,30,0.1358086985731741,0.067,17.536518472988405,17.536518472988405,0.0,-3.019806626980426e-14
2025-08-06,992.6500244140624,990,36,0.1334410598728639,0.067,21.50671279366304,21.50671279366304,0.0,-3.019806626980426e-14
2025-08-07,997.7000122070312,1000,35,0.1197846855526489,0.067,16.87551864148986,16.87551864148986,0.0,-3.019806626980426e-14
2025-08-08,986.9500122070312,990,34,0.1215807951176755,0.067,16.19401751281839,16.19401751281839,0.0,-3.019806626980426e-14
2025-08-11,997.7999877929688,1000,31,0.1246126005072066,0.067,16.233717443448654,16.233717443448654,0.0,-3.019806626980426e-14
2025-08-12,984.9500122070312,980,30,0.1290135163965339,0.067,20.20603734135227,20.20603734135227,0.0,-3.019806626980426e-14
2025-08-13,990.1500244140624,990,36,0.1245209568238012,0.067,18.959170570611263,18.959170570611263,0.0,-3.019806626980426e-14
2025-08-14,995.5499877929688,1000,35,0.1255151116593382,0.067,16.417381575299032,16.417381575299032,0.0,-3.019806626980426e-14
2025-08-18,1001.7999877929688,1000,31,0.1267384647625178,0.067,18.74403525863761,18.74403525863761,0.0,-3.019806626980426e-14
2025-08-19,995.5499877929688,1000,30,0.1281270449947737,0.067,15.107407312790317,15.107407312790315,-1.7763568394002505e-15,-3.197442310920451e-14
2025-08-20,994.0999755859376,990,36,0.1265200723048919,0.067,21.552284722809645,21.552284722809645,0.0,-3.197442310920451e-14
2025-08-21,995.5999755859376,1000,35,0.1257313541079179,0.067,16.470311821215716,16.470311821215716,0.0,-3.197442310920451e-14
2025-08-22,982.2999877929688,980,34,0.1313155303149666,0.067,20.19371614672741,20.19371614672741,0.0,-3.197442310920451e-14
2025-08-25,982.0499877929688,980,31,0.1273644258089379,0.067,18.607256043960778,18.607256043960774,-3.552713678800501e-15,-3.552713678800501e-14
2025-08-26,973.4000244140624,970,30,0.1297814790058819,0.067,19.16581293713898,19.16581293713898,0.0,-3.552713678800501e-14
2025-08-28,957.7999877929688,960,35,0.1357027749809714,0.067,18.073878680326743,18.073878680326743,0.0,-3.552713678800501e-14
2025-08-29,951.5999755859376,950,34,0.1364304411386003,0.067,19.78363432050901,19.78363432050901,0.0,-3.552713678800501e-14
2025-09-01,950.5999755859376,950,31,0.1360941115291715,0.067,18.178073270138498,18.178073270138498,0.0,-3.552713678800501e-14
2025-09-02,944.5,940,30,0.1308498810416776,0.067,19.418018224760203,19.418018224760203,0.0,-3.552713678800501e-14
2025-09-03,954.4500122070312,950,36,0.1170482496353717,0.067,19.921462966323816,19.921462966323816,0.0,-3.552713678800501e-14
2025-09-04,961.25,960,35,0.1189017563926244,0.067,18.071878560647978,18.071878560647974,-3.552713678800501e-15,-3.907985046680551e-14
2025-09-05,963.4000244140624,960,34,0.1157096031802662,0.067,18.70699766330256,18.70699766330256,0.0,-3.907985046680551e-14
2025-09-08,966.0,970,31,0.1158718612763831,0.067,13.76876600308367,13.76876600308367,0.0,-3.907985046680551e-14
2025-09-09,965.1500244140624,970,30,0.1158397042103421,0.067,13.023393925384768,13.023393925384767,-1.7763568394002505e-15,-4.085620730620576e-14
2025-09-10,965.9000244140624,970,36,0.1156085089442173,0.067,15.147523142479372,15.147523142479372,0.0,-4.085620730620576e-14
2025-09-11,967.7999877929688,970,35,0.1136809101432904,0.067,15.6630098165532,15.663009816553199,-1.7763568394002505e-15,-4.263256414560601e-14
2025-09-12,967.2999877929688,970,34,0.1132299058210086,0.067,15.046259312228813,15.046259312228813,0.0,-4.263256414560601e-14
2025-09-15,967.0499877929688,970,31,0.1130870547907552,0.067,14.015198246426053,14.015198246426053,0.0,-4.263256414560601e-14
2025-09-16,966.8499755859376,970,30,0.1130403183232063,0.067,13.604230678007012,13.604230678007013,1.7763568394002505e-15,-4.085620730620576e-14
2025-09-17,966.5,970,36,0.1099613764273991,0.067,14.7892527485119,14.789252748511899,-1.7763568394002505e-15,-4.263256414560601e-14
2025-09-18,976.9000244140624,980,35,0.1133530569866904,0.067,15.303626739771175,15.303626739771175,0.0,-4.263256414560601e-14
2025-09-19,966.9000244140624,970,34,0.1161034562489941,0.067,15.165029034054442,15.165029034054442,0.0,-4.263256414560601e-14
2025-09-22,964.2000122070312,960,31,0.1148321130581432,0.067,18.205353453707858,18.205353453707858,0.0,-4.263256414560601e-14
2025-09-23,957.2000122070312,960,30,0.1126697902649055,0.067,13.593881596046288,13.593881596046288,0.0,-4.263256414560601e-14
2025-09-24,951.0499877929688,950,36,0.1078012769890272,0.067,16.779409395199536,16.779409395199536,0.0,-4.263256414560601e-14
2025-09-25,949.8499755859376,950,35,0.1022769895872162,0.067,15.163706394141514,15.163706394141514,0.0,-4.263256414560601e-14
2025-09-26,945.0499877929688,950,34,0.1009681964546204,0.067,12.09853734467208,12.098537344672081,1.7763568394002505e-15,-4.085620730620576e-14
2025-09-29,950.2999877929688,950,31,0.1010294009712588,0.067,14.204448065205838,14.204448065205838,0.0,-4.085620730620576e-14
2025-09-30,951.0,950,30,0.0985579501172333,0.067,14.079764587677232,14.079764587677232,0.0,-4.085620730620576e-14
2025-10-01,965.25,970,36,0.1086428007426949,0.067,13.962702868548943,13.962702868548945,1.7763568394002505e-15,-3.907985046680551e-14
2025-10-03,965.1500244140624,970,34,0.1086673962346581,0.067,13.363031811547955,13.363031811547955,0.0,-3.907985046680551e-14
2025-10-06,973.4500122070312,970,31,0.1119481096496246,0.067,17.59060715286637,17.59060715286637,0.0,-3.907985046680551e-14
2025-10-07,982.5,980,30,0.1088642477508817,0.067,16.528093688446234,16.528093688446234,0.0,-3.907985046680551e-14
2025-10-08,978.7000122070312,980,36,0.1094439742564539,0.067,16.119118179989414,16.119118179989414,0.0,-3.907985046680551e-14
2025-10-09,977.0999755859376,980,35,0.1063969552212702,0.067,14.578860009775326,14.578860009775326,0.0,-3.907985046680551e-14
2025-10-10,980.9000244140624,980,34,0.0949879637609355,0.067,15.145446714195714,15.145446714195714,0.0,-3.907985046680551e-14
2025-10-13,977.0,980,31,0.0935823802229885,0.067,11.945232374440252,11.945232374440252,0.0,-3.907985046680551e-14
2025-10-14,977.1500244140624,980,30,0.093431537472512,0.067,11.742875264159808,11.742875264159807,-1.7763568394002505e-15,-4.085620730620576e-14
2025-10-15,978.25,980,36,0.090791348146944,0.067,13.611290781649927,13.611290781649927,0.0,-4.085620730620576e-14
2025-10-16,994.3499755859376,990,35,0.0973423950825572,0.067,17.994187020427148,17.994187020427148,0.0,-4.085620730620576e-14
2025-10-17,1002.5499877929688,1000,34,0.0979639082107723,0.067,16.80205929498709,16.80205929498709,0.0,-4.085620730620576e-14
2025-10-20,1002.9500122070312,1000,31,0.0979728775700595,0.067,16.2032732597238,16.2032732597238,0.0,-4.085620730620576e-14
2025-10-21,1007.7000122070312,1010,30,0.0983923550362117,0.067,13.018777567275038,13.018777567275038,0.0,-4.085620730620576e-14
2025-10-23,1008.7999877929688,1010,35,0.098159448259128,0.067,15.015228360875083,15.015228360875085,1.7763568394002505e-15,-3.907985046680551e-14
2025-10-24,994.75,990,34,0.1079592964751945,0.067,19.1799747497364,19.179974749736402,3.552713678800501e-15,-3.552713678800501e-14
2025-10-27,1002.9500122070312,1000,31,0.1099524468402447,0.067,17.538453683815987,17.538453683815987,0.0,-3.552713678800501e-14
2025-10-28,1003.5499877929688,1000,30,0.1098495698329004,0.067,17.58669216585588,17.58669216585588,0.0,-3.552713678800501e-14
2025-10-29,1007.8499755859376,1010,36,0.1101027354392295,0.067,16.238506614180324,16.238506614180324,0.0,-3.552713678800501e-14
2025-10-30,998.1500244140624,1000,35,0.1146106251633913,0.067,16.493412159736522,16.493412159736522,0.0,-3.552713678800501e-14
2025-10-31,987.2999877929688,990,34,0.1197296927463571,0.067,16.163013887893044,16.163013887893044,0.0,-3.552713678800501e-14
2025-11-03,992.6500244140624,990,31,0.1168365291027153,0.067,17.963975821786335,17.963975821786335,0.0,-3.552713678800501e-14
2025-11-04,985.25,990,30,0.1148437219796019,0.067,13.282506507106234,13.282506507106234,0.0,-3.552713678800501e-14
2025-11-05,985.25,990,36,0.114404591543711,0.067,15.011789080742744,15.011789080742744,0.0,-3.552713678800501e-14
2025-11-06,984.6500244140624,980,35,0.1119546079207042,0.067,19.700401011086797,19.700401011086797,0.0,-3.552713678800501e-14
2025-11-07,982.2999877929688,980,34,0.1102325370154248,0.067,17.75100041416681,17.75100041416681,0.0,-3.552713678800501e-14
2025-11-10,984.5,980,31,0.1100534225605167,0.067,18.19957516369641,18.19957516369641,0.0,-3.552713678800501e-14
2025-11-11,991.7000122070312,990,30,0.1097702513654419,0.067,16.298915820431603,16.298915820431603,0.0,-3.552713678800501e-14
2025-11-12,989.5,990,36,0.109657918775248,0.067,16.775225623931533,16.775225623931533,0.0,-3.552713678800501e-14
2025-11-13,986.6500244140624,990,35,0.1103332723419875,0.067,14.975230445522811,14.975230445522811,0.0,-3.552713678800501e-14
2025-11-14,989.5999755859376,990,34,0.1026701503106803,0.067,15.427621168999169,15.427621168999167,-1.7763568394002505e-15,-3.730349362740526e-14
2025-11-17,996.5499877929688,1000,31,0.1041612459773743,0.067,13.19922920773297,13.19922920773297,0.0,-3.730349362740526e-14
2025-11-18,992.4500122070312,990,30,0.1027071951072184,0.067,15.978563202702276,15.978563202702276,0.0,-3.730349362740526e-14
2025-11-19,994.5999755859376,990,36,0.0995498012033943,0.067,18.684800404961152,18.684800404961152,0.0,-3.730349362740526e-14
2025-11-20,1008.8499755859376,1010,35,0.1063717370640256,0.067,16.050487082380187,16.050487082380187,0.0,-3.730349362740526e-14
