date,open,high,low,close,volume,adj_close,log_return,realized_vol_30d,realized_vol_annual
2023-11-01 00:00:00+05:30,711.6561423554264,719.0537409979071,711.6561423554264,717.6180419921875,33877466,717.6180419921875,,,
2023-11-02 00:00:00+05:30,722.7283533192214,725.4051249981815,714.041024388573,718.7131958007812,45225154,718.7131958007812,0.001524932399995462,,
2023-11-03 00:00:00+05:30,724.18834838353,725.8430917067044,721.0979059562075,722.1199340820312,18095340,722.1199340820312,0.004728853826394314,,
2023-11-06 00:00:00+05:30,729.0552678342725,729.0552678342725,721.7549814407384,727.3518676757812,25593730,727.3518676757812,0.007219121213047343,,
2023-11-07 00:00:00+05:30,727.1084929912065,727.1084929912065,718.9321488241404,723.8233642578125,41952848,723.8233642578125,-0.004862969397440992,,
2023-11-08 00:00:00+05:30,722.2173392755413,726.8408541843154,720.7816399888761,725.9161987304688,31399546,725.9161987304688,0.0028871888163690936,,
2023-11-09 00:00:00+05:30,723.2150058605088,726.4271198457463,721.9982915168673,723.044677734375,22116740,723.044677734375,-0.003963564236958937,,
2023-11-10 00:00:00+05:30,720.3435553235623,728.0818705084018,720.3192566823748,725.8917846679688,14015186,725.8917846679688,0.003929931604019367,,
2023-11-13 00:00:00+05:30,726.1837860969108,728.0575143276742,723.1663582507371,724.5777587890625,20605914,724.5777587890625,-0.0018118632608491122,,
2023-11-15 00:00:00+05:30,732.0240144584016,735.3577999173147,730.2963157159859,732.1700439453125,41245460,732.1700439453125,0.010423703932787284,,
2023-11-16 00:00:00+05:30,734.7494210785321,739.2756221207742,731.8536647558356,734.0924072265625,29713838,734.0924072265625,0.0026221286389171675,,
2023-11-17 00:00:00+05:30,725.16173850318,733.6787387876133,724.6750527726409,732.5106811523438,23701874,732.5106811523438,-0.0021569935315373947,,
2023-11-20 00:00:00+05:30,736.3554985735485,736.3554985735485,730.7829708116128,732.559326171875,19331452,732.559326171875,6.640640966760783e-05,,
2023-11-21 00:00:00+05:30,739.2756311878541,740.7356883923068,735.9174877356371,738.7645874023438,24959972,738.7645874023438,0.008434985613538521,,
2023-11-22 00:00:00+05:30,739.7623819588872,739.7623819588872,731.7564246812467,736.1365966796875,29123650,736.1365966796875,-0.0035636197626988286,,
2023-11-23 00:00:00+05:30,734.1654789893513,741.6360936254299,734.1654789893513,740.3950805664062,13046220,740.3950805664062,0.005768241562182888,,
2023-11-24 00:00:00+05:30,740.3463584220192,746.1622889319527,739.6893445243804,745.6512451171875,16469192,745.6512451171875,0.007074054663183448,,
2023-11-28 00:00:00+05:30,747.1598626215828,748.1575920701932,742.5850645710412,743.9721069335938,28489338,743.9721069335938,-0.002254447599081671,,
2023-11-29 00:00:00+05:30,746.5272858530379,760.6898293348779,746.0892567948611,758.8161010742188,34042488,758.8161010742188,0.019755913513949667,,
2023-11-30 00:00:00+05:30,763.6829374580863,765.2889647471237,750.542422535641,758.645751953125,69491440,758.645751953125,-0.00022451848983153148,,
2023-12-01 00:00:00+05:30,758.2077422076743,762.028213465217,755.3849410922298,756.9910278320312,22153536,756.9910278320312,-0.0021835373759966806,,
2023-12-04 00:00:00+05:30,772.8569470817542,784.5374047202694,765.873018667368,783.2720336914062,50662456,783.2720336914062,0.034128659448222395,,
2023-12-05 00:00:00+05:30,796.4611682648754,797.6778825457567,786.7274540178253,790.2315673828125,52230820,790.2315673828125,0.008845965232228937,,
2023-12-06 00:00:00+05:30,797.4102676843459,797.4102676843459,786.8005536561491,792.2271118164062,38613060,792.2271118164062,0.0025220822731264656,,
2023-12-07 00:00:00+05:30,790.86431017188,795.2444817359088,786.5814519897668,793.5167236328125,20450386,793.5167236328125,0.0016265074747705388,,
2023-12-08 00:00:00+05:30,793.5167060552014,805.4648642096952,793.5167060552014,804.5888061523438,33728038,804.5888061523438,0.01385673157902964,,
2023-12-11 00:00:00+05:30,803.0558607692541,809.6990738547369,801.5714454396721,803.5181884765625,23187620,803.5181884765625,-0.0013315256230305116,,
2023-12-12 00:00:00+05:30,805.0755276490755,806.0732571804058,794.1981132379304,795.5364990234375,36581476,795.5364990234375,-0.009983092892026708,,
2023-12-13 00:00:00+05:30,794.4901060535459,796.2178641804811,786.0461204150259,793.7357788085938,29346914,793.7357788085938,-0.002266095005301772,,
2023-12-14 00:00:00+05:30,801.0846735866597,807.3872297272943,800.5979878797419,803.1044311523438,35172366,803.1044311523438,0.011734123154294425,,
2023-12-15 00:00:00+05:30,803.0314839042278,811.7918273650013,801.3767404796611,806.2192993164062,138837130,806.2192993164062,0.0038710322786548526,0.008473637307826605,0.13451482210000842
2023-12-18 00:00:00+05:30,808.2389706500245,810.1857135762941,803.4937847672423,805.8055419921875,18014754,805.8055419921875,-0.0005133386567031614,0.008501303014420123,0.1349540015769564
2023-12-19 00:00:00+05:30,803.0314705665357,807.2413140972394,800.135714179051,804.44287109375,24008446,804.44287109375,-0.0016924981420880314,0.008558088421148092,0.13585544196275556
2023-12-20 00:00:00+05:30,806.9249181384845,812.2541029714071,800.3303029144753,806.438232421875,34232520,806.438232421875,0.0024773552117275527,0.008532665849932427,0.13545187115600868
2023-12-21 00:00:00+05:30,806.4382794041677,822.3772375517154,803.1531506256655,820.892822265625,36589240,820.892822265625,0.017765248147504444,0.008770179100207826,0.13922227711587676
2023-12-22 00:00:00+05:30,819.3840760112807,820.5034769444852,811.3537615362043,813.1788330078125,48578850,813.1788330078125,-0.009441503420236799,0.009115614735995887,0.14470589783352492
2023-12-26 00:00:00+05:30,814.3469167985355,820.5278019503709,812.059517577905,818.8244018554688,18045856,818.8244018554688,0.006918603158096997,0.009012624645778365,0.14307098083620692
2023-12-27 00:00:00+05:30,818.3620896655261,830.5292334309963,816.9506891067552,828.9718627929688,27009078,828.9718627929688,0.012316558100867903,0.009134910456944695,0.1450122079075144
2023-12-28 00:00:00+05:30,831.8919383640549,837.7808237889657,828.3391087868577,829.9208374023438,44076470,829.9208374023438,0.0011441062014183796,0.009081088107173308,0.14415780459268104
2023-12-29 00:00:00+05:30,825.9057143332578,834.6174011041943,825.4190285852712,831.8676147460938,25011426,831.8676147460938,0.0023429916507368446,0.009019717499159183,0.14318357639299584
2024-01-01 00:00:00+05:30,830.285869252277,831.8189412093673,823.4722689184366,826.4410400390625,14239686,826.4410400390625,-0.006544733468413446,0.009229781574123406,0.14651824020346083
2024-01-02 00:00:00+05:30,826.781764297971,828.7285072707376,821.8661907638304,826.927734375,29242092,826.927734375,0.000588730545207578,0.009180620127462817,0.1457378264317243
2024-01-03 00:00:00+05:30,828.339179753768,829.6532075675672,812.2541913065818,814.1766357421875,28389762,814.1766357421875,-0.015539968657530615,0.009832630168625716,0.15608816495912842
2024-01-04 00:00:00+05:30,816.6586975811834,824.9079973714623,813.1058678027235,822.91259765625,26734056,822.91259765625,0.010672655660522284,0.00987956692183155,0.15683326281711713
2024-01-05 00:00:00+05:30,821.1118889384027,829.7505611476026,811.8405014795056,818.7027587890625,31889470,818.7027587890625,-0.005128909252976355,0.009922719797350456,0.15751829347899923
2024-01-08 00:00:00+05:30,816.9020369293803,818.7757651976441,807.8983504931613,809.577392578125,17998470,809.577392578125,-0.011208712139652998,0.010269509903460991,0.1630234157464363
2024-01-09 00:00:00+05:30,811.3781710383666,816.5613862283932,801.4497697212522,803.2748413085938,25326888,803.2748413085938,-0.00781545043957443,0.010423351925163998,0.16546558213014165
2024-01-10 00:00:00+05:30,799.6246893784266,807.8739890989318,798.8460040583302,805.92724609375,16115824,805.92724609375,0.003296549523452196,0.010385586709648077,0.16486607791935834
2024-01-11 00:00:00+05:30,807.8983430417109,809.309743595266,799.6246853117656,802.5447998046875,18314010,802.5447998046875,-0.004205794292304797,0.009937711908504161,0.1577562858654425
2024-01-12 00:00:00+05:30,804.004764401761,805.9515071727096,795.0497357734226,798.74853515625,19773552,798.74853515625,-0.004741506977912931,0.010004496777236048,0.15881646278948247
2024-01-15 00:00:00+05:30,801.9120700848223,818.0700722997735,799.916670432672,814.1279296875,28320356,814.1279296875,0.019071343662302134,0.010460940524128489,0.16606228264008993
2024-01-16 00:00:00+05:30,814.2252545636514,819.4084696501124,806.9736250528656,817.2183837890625,25322500,817.2183837890625,0.003788843329062567,0.008589476683857336,0.13635371518604567
2024-01-17 00:00:00+05:30,764.0965828252033,777.1397839265529,743.8504686909188,748.279296875,170145236,748.279296875,-0.08813005893591971,0.018372637989862214,0.2916565862963584
2024-01-18 00:00:00+05:30,727.1084347245617,737.3288344094451,720.3191929835535,723.2879638671875,161070930,723.2879638671875,-0.033968866690336545,0.01926180150274179,0.30577161947607
2024-01-19 00:00:00+05:30,732.924355486129,735.0171279009493,714.6493418669147,715.744384765625,109600538,715.744384765625,-0.010484334432905402,0.019287636109670447,0.30618173114698394
2024-01-23 00:00:00+05:30,712.9945662952517,717.7153939258839,693.527137863982,694.6708374023438,115469402,694.6708374023438,-0.02988498057683922,0.019586147320012865,0.31092044970376953
2024-01-24 00:00:00+05:30,671.7480069982282,709.8068089160445,671.7480069982282,708.5657958984375,86004404,708.5657958984375,0.019804803169942115,0.02009241510605669,0.31895720165582087
2024-01-25 00:00:00+05:30,706.9110553088505,709.27146932584,690.8017687875753,698.3453979492188,98941852,698.3453979492188,-0.014529101456688991,0.020154643663599387,0.3199450493820463
2024-01-29 00:00:00+05:30,704.7453443356181,711.923959354735,703.6503013666003,707.9574584960938,65645498,707.9574584960938,0.013670185180015339,0.020419555953320814,0.3241504016091319
2024-01-30 00:00:00+05:30,707.9088172760645,712.1186016988493,701.2655445701624,702.9202880859375,41728768,702.9202880859375,-0.007140507850232083,0.020213774167437158,0.3208837170303625
2024-01-31 00:00:00+05:30,700.5841161285045,717.8371016849802,699.2700884068386,711.80224609375,65761040,711.80224609375,0.012556631415271661,0.020398296730051394,0.3238129219021082
2024-02-01 00:00:00+05:30,713.0189555223712,717.1800828855794,708.6387839338071,713.651611328125,32690740,713.651611328125,0.0025947753585598113,0.02042528941666542,0.3242414175180975
2024-02-02 00:00:00+05:30,717.8614275967279,720.7085271394582,701.8251570967384,703.820556640625,44867754,703.820556640625,-0.013871471409806874,0.020497756658510894,0.32539179931882883
2024-02-05 00:00:00+05:30,703.7475055995538,706.6189630437951,697.9316353856925,703.1878051757812,38605046,703.1878051757812,-0.0008994282119025373,0.020467630080167637,0.32491355471393146
2024-02-06 00:00:00+05:30,703.5286059562596,705.5483042801744,697.2259898811583,702.8228759765625,41075740,702.8228759765625,-0.0005190987697394111,0.02004762691323684,0.31824621113658086
2024-02-07 00:00:00+05:30,707.1543478186637,707.5437201567751,694.330191039234,695.9362182617188,54837086,695.9362182617188,-0.009846889844044051,0.020050737374469683,0.3182955881778897
2024-02-08 00:00:00+05:30,695.8875630019661,700.3163911601653,681.6033490400813,682.8444213867188,69106124,682.8444213867188,-0.01899096921836545,0.020069202390336955,0.3185887112175277
2024-02-09 00:00:00+05:30,677.5395328507874,688.2709172654594,675.033089526087,683.112060546875,56642124,683.112060546875,0.0003918707032341362,0.019809227546573126,0.3144617385151359
2024-02-12 00:00:00+05:30,681.1897546934406,688.0033555217624,673.2567528222265,676.4932250976562,34447812,676.4932250976562,-0.009736484268397516,0.01976493226175781,0.3137585726678913
2024-02-13 00:00:00+05:30,677.4421602188512,683.4770749934498,673.7433606505093,678.6588745117188,57580994,678.6588745117188,0.0031961744490397767,0.019779170527073422,0.31398459812264773
2024-02-14 00:00:00+05:30,669.6796288773342,677.2232584177402,663.6204147201233,673.5974731445312,91320810,673.5974731445312,-0.0074858957210391175,0.01977952243146078,0.31399018443161303
2024-02-15 00:00:00+05:30,674.0597534612269,688.903668609651,673.7433958465795,688.197998046875,41584944,688.197998046875,0.021443872738105395,0.020405349412269493,0.3239248797614585
2024-02-16 00:00:00+05:30,692.9918479710976,694.8412181662663,685.4725175238648,691.0451049804688,32175742,691.0451049804688,0.0041285121837181925,0.020408268164042828,0.32397121350944436
2024-02-19 00:00:00+05:30,695.4739454261017,695.4739454261017,688.7576582283627,689.682373046875,34451756,689.682373046875,-0.0019739338830590857,0.02019289609273814,0.3205522878693179
2024-02-20 00:00:00+05:30,688.660276266856,709.22274741334,687.1029057664576,707.7870483398438,56133508,707.7870483398438,0.02591210657972771,0.02101177594808999,0.3335516025747271
2024-02-21 00:00:00+05:30,712.507885437546,712.507885437546,698.3939997287421,700.4137573242188,45893136,700.4137573242188,-0.010472026954527001,0.021004520716108786,0.33343642933756906
2024-02-22 00:00:00+05:30,689.9987587340186,695.3766603212918,687.2976289140083,690.8748168945312,50560882,690.8748168945312,-0.013712597195809497,0.021060961087434906,0.33433239245616736
2024-02-23 00:00:00+05:30,692.334815015207,697.85868621692,690.1203711604371,691.3857421875,29833452,691.3857421875,0.0007392605003165118,0.021031274655956986,0.33386113496614617
2024-02-26 00:00:00+05:30,687.9546346452112,698.3210050066913,687.9546346452112,692.213134765625,23506870,692.213134765625,0.0011960007926191253,0.02106238247601494,0.3343549563003623
2024-02-27 00:00:00+05:30,687.9546948776648,694.3545652339111,687.7113519923358,691.1668090820312,32087150,691.1668090820312,-0.001512709343187676,0.02107162515395045,0.3345016792639561
2024-02-28 00:00:00+05:30,691.1667470533215,693.1377886016653,683.3067606806109,685.9348754882812,25321986,685.9348754882812,-0.007598507540144253,0.020585806228779972,0.32678954291469736
2024-02-29 00:00:00+05:30,682.3819943114798,686.4215093038766,680.0459386445675,683.0147094726562,53295700,683.0147094726562,-0.004266293626777115,0.020510015925955454,0.32558640915631365
2024-03-01 00:00:00+05:30,681.360036052442,697.2989940386686,681.360036052442,696.3256225585938,34738898,696.3256225585938,0.019301003529089655,0.014025681463980859,0.22265079073141011
2024-03-04 00:00:00+05:30,696.4228971703204,699.3673694975699,693.1864847071581,697.2745971679688,35616474,697.2745971679688,0.0013619038553820317,0.01270450024559516,0.20167768908722283
2024-03-05 00:00:00+05:30,692.0671354112525,702.2875361451739,691.8968072809968,701.2411499023438,37991672,701.2411499023438,0.005672533010611756,0.012640566071366773,0.20066276553550333
2024-03-06 00:00:00+05:30,697.6883641851937,707.0813632922424,697.6883641851937,702.0928344726562,42409530,702.0928344726562,0.0012138018238878542,0.011374955761079617,0.18057182470906868
2024-03-07 00:00:00+05:30,703.5042650748312,706.205394802925,701.5088653436588,703.7962646484375,49348046,703.7962646484375,0.0024232793474696424,0.01077702736573213,0.17108000569358853
2024-03-11 00:00:00+05:30,695.9605773947812,703.7231908402335,692.553777365576,694.889892578125,50531094,694.889892578125,-0.012735512399893395,0.010699635983376563,0.16985145558559447
2024-03-12 00:00:00+05:30,697.9073192338245,712.5078907659129,695.5955620745772,710.3421630859375,65418454,710.3421630859375,0.021993368720022822,0.01116840007983546,0.17729285492231128
2024-03-13 00:00:00+05:30,713.2379447418698,716.2067158438075,705.7429725398497,710.755859375,63067454,710.755859375,0.0005822206409554039,0.011084152159799437,0.17595546065297266
2024-03-14 00:00:00+05:30,711.5832127948388,713.4812990740788,702.9202422173576,708.3467407226562,52432158,708.3467407226562,-0.0033952738392760934,0.010859701229961036,0.17239241260163496
2024-03-15 00:00:00+05:30,705.6943406988961,710.2205419583659,701.9225261192986,706.9840698242188,143613804,706.9840698242188,-0.0019255870208368135,0.010851485816725952,0.17226199695960898
2024-03-18 00:00:00+05:30,704.2342392927528,708.6144107880084,698.7833829737194,703.7719116210938,21437856,703.7719116210938,-0.004553819081852923,0.010579981140394778,0.16795199383942877
2024-03-19 00:00:00+05:30,698.6374048635253,706.8624060469253,698.6374048635253,705.3779907226562,36183594,705.3779907226562,0.0022795016972154396,0.01058660340631781,0.16805711905191723
2024-03-20 00:00:00+05:30,705.2320233558721,706.4973944482159,693.3568789456579,696.4716796875,43606094,696.4716796875,-0.01270668468541411,0.01084208729304331,0.17211280002147647
2024-03-21 00:00:00+05:30,702.0927826471133,706.3026258563286,700.000069771983,703.6258544921875,28922860,703.6258544921875,0.010219626698218232,0.010851944309321312,0.17226927530392072
2024-03-22 00:00:00+05:30,701.3141817980924,706.0593679691759,699.7324530743978,702.2145385742188,45980326,702.2145385742188,-0.0020077903566293196,0.01023262970491825,0.16243796074455563
2024-03-26 00:00:00+05:30,694.5978614753975,699.8297331586394,692.1401341445468,693.7218627929688,56844290,693.7218627929688,-0.012167861739138718,0.010508717235641217,0.16682071442282886
2024-03-27 00:00:00+05:30,692.8214782766382,704.6965622791422,691.7020773602309,701.1680908203125,62168668,701.1680908203125,0.010676539378532001,0.010482969260785907,0.1664119779934447
2024-03-28 00:00:00+05:30,701.1681292352769,710.8045307526719,701.1681292352769,704.6723022460938,55592142,704.6723022460938,0.004985229760694646,0.010499826105941065,0.16667957211446274
2024-04-01 00:00:00+05:30,709.5878149173326,717.2774734382766,708.4197572494843,715.67138671875,25199570,715.67138671875,0.015488229269776962,0.010676733815151133,0.16948789493594257
2024-04-02 00:00:00+05:30,713.0676337207477,727.5221766350272,712.1429189199621,720.367919921875,41225446,720.367919921875,0.0065409768747268305,0.010071339262059022,0.15987755434061368
2024-04-03 00:00:00+05:30,716.450076374618,727.9115494819865,716.109420115624,721.414306640625,45584386,721.414306640625,0.0014515186596032218,0.01005930877371642,0.15968657625878255
2024-04-04 00:00:00+05:30,731.9753490842609,744.62917825726,731.9753490842609,743.4611206054688,88935066,743.4611206054688,0.030102872094249944,0.011311450580805673,0.1795637112252536
2024-04-05 00:00:00+05:30,749.0093625181328,756.5529915753328,744.7022055513205,754.1439208984375,59055902,754.1439208984375,0.014266754177013698,0.010661555231271545,0.16924694238674542
2024-04-08 00:00:00+05:30,756.7719438017782,757.891344732456,750.2504026191882,752.7081298828125,20482940,752.7081298828125,-0.0019056833740277175,0.010424914365736932,0.16549038510530745
2024-04-09 00:00:00+05:30,756.7233723625303,756.7233723625303,749.64212991684,753.6572875976562,21884494,753.6572875976562,0.001260196004823222,0.009975643794166716,0.15835843588277962
2024-04-10 00:00:00+05:30,754.3142814277871,754.3142814277871,746.0649220391629,747.7196655273438,27807400,747.7196655273438,-0.007909609926646416,0.010163430030241213,0.16133944996454355
2024-04-12 00:00:00+05:30,740.2489501526853,744.5561067183442,736.574449351488,739.251220703125,41084208,739.251220703125,-0.011390319016998334,0.01047874428750123,0.16634490862180182
2024-04-15 00:00:00+05:30,728.8362596129997,734.8954733611977,726.1594880212867,727.4491577148438,23415248,727.4491577148438,-0.01609369970276188,0.010982521892268225,0.17434213017158534
2024-04-16 00:00:00+05:30,723.7016987771374,736.3068713842836,721.3899415012858,734.5304565429688,20744886,734.5304565429688,0.009687350134761874,0.010930888813222042,0.17352248045210092
2024-04-18 00:00:00+05:30,734.7981599763604,739.2026303131596,725.6728022773389,727.4491577148438,34234884,727.4491577148438,-0.009687350134761873,0.01108656707699879,0.17599379627505046
2024-04-19 00:00:00+05:30,723.4827148610226,747.0382572891224,720.4165709168466,745.2619018554688,34576434,745.2619018554688,0.02419159241555939,0.011380268392853238,0.18065616012395028
2024-04-22 00:00:00+05:30,757.9643557818745,757.9643557818745,734.0680986992392,735.9661254882812,42298438,735.9661254882812,-0.012551610198530749,0.011697389694001484,0.18569030471362713
2024-04-23 00:00:00+05:30,742.8284760660457,742.9257894510552,731.6103458842442,733.7274169921875,26827060,733.7274169921875,-0.0030464993726503358,0.011706172290530089,0.1858297241113078
2024-04-24 00:00:00+05:30,737.3288649584306,740.613993564681,734.4331086916868,735.7227783203125,22441580,735.7227783203125,0.0027157947385978735,0.01170807569151258,0.18585993966517725
2024-04-25 00:00:00+05:30,733.0704121681982,739.616311752735,733.0704121681982,735.260498046875,35445204,735.260498046875,-0.0006285323512282889,0.011713569399139744,0.1859471495701203
2024-04-26 00:00:00+05:30,739.6650141563123,743.6558134751455,732.729742335618,734.7981567382812,24854694,734.7981567382812,-0.0006290107164536959,0.01141239654547709,0.1811661787355101
2024-04-29 00:00:00+05:30,737.3289207914913,746.7949349875348,733.216449914726,744.3858642578125,36093350,744.3858642578125,0.012963690327534543,0.01097377464170525,0.17420327187371415
2024-04-30 00:00:00+05:30,744.2398024289921,749.2526892649995,737.2802320622603,739.8109741210938,52307382,739.8109741210938,-0.006164821952829447,0.011063287079475818,0.17562423777124256
2024-05-02 00:00:00+05:30,740.7357142083232,748.0360004850149,739.9326708359107,745.7242431640625,33475006,745.7242431640625,0.007961171443356346,0.01109009048845396,0.17604972869791208
2024-05-03 00:00:00+05:30,746.2108990812835,749.7880273318675,733.5327119903678,739.567626953125,31865242,739.567626953125,-0.008290157099883818,0.011222207554699621,0.17814702210531286
2024-05-06 00:00:00+05:30,740.7357053714223,746.819277196089,738.3752913854279,741.0520629882812,28793396,741.0520629882812,0.002005155736624504,0.011163900562971797,0.17722142730646412
2024-05-07 00:00:00+05:30,740.7113274497933,741.7334150168236,732.0483570497901,733.021728515625,28480602,733.021728515625,-0.010895538555416822,0.011397844420043976,0.18093517090584949
2024-05-08 00:00:00+05:30,728.0574791574124,728.5441648774708,720.465193806477,721.5845947265625,41687862,721.5845947265625,-0.015725724966413238,0.01153807301294023,0.18316123080687352
2024-05-09 00:00:00+05:30,717.83709973452,723.5800151607533,703.4069152466064,704.4776000976562,46281278,704.4776000976562,-0.023993084376981978,0.012280753611244248,0.19495091980686405
2024-05-10 00:00:00+05:30,709.9042861034679,716.2929072582592,703.8856637079383,709.3616333007812,27276608,709.3616333007812,0.006908922196078268,0.01233724798094752,0.19584774012312525
2024-05-13 00:00:00+05:30,706.4509373389452,720.1655815796556,705.6122976051453,717.9208984375,27047202,717.9208984375,0.01199393610380871,0.01228125741368499,0.1949589174226727
2024-05-14 00:00:00+05:30,716.4408878596623,722.9775322143812,715.4789152317669,720.7328491210938,25665142,720.7328491210938,0.003909146685573089,0.012161676752028804,0.19306063326854375
2024-05-15 00:00:00+05:30,720.1161379403006,720.1161379403006,708.3255604595557,709.6575317382812,38931996,709.6575317382812,-0.01548603635466269,0.0124952955934376,0.19835666819086278
2024-05-16 00:00:00+05:30,713.3822271543565,721.5221990437014,708.1775543730138,720.3875122070312,34945236,720.3875122070312,0.015006774622000285,0.012475322580095748,0.19803960643345211
2024-05-17 00:00:00+05:30,713.4562165510583,724.210870736283,713.4562165510583,722.286865234375,20920190,722.286865234375,0.002633101626298931,0.01242734401754593,0.19727797036483705
2024-05-21 00:00:00+05:30,715.380219686854,725.0495080646152,715.380219686854,719.6722412109375,43769978,719.6722412109375,-0.0036264924258356942,0.012442714394237834,0.19752196753054202
2024-05-22 00:00:00+05:30,719.2035821431577,723.0269026870767,714.4182889056816,719.8695678710938,39996278,719.8695678710938,0.0002741520394159075,0.011062890934477841,0.17561794916435594
2024-05-23 00:00:00+05:30,719.5982164877166,737.8514873644924,718.808897899437,736.3468017578125,40861920,736.3468017578125,0.022631165925619322,0.011557230754131752,0.18346535052012056
2024-05-24 00:00:00+05:30,733.8308016870678,749.814758588212,733.0908042399884,748.4827270507812,31060206,748.4827270507812,0.016346921050501027,0.011969880951440203,0.19001596932335993
2024-05-27 00:00:00+05:30,751.5168000055969,762.1974428837648,749.3955099218479,753.6627807617188,29385440,753.6627807617188,0.006896900756131814,0.012037440067877523,0.19108843704869036
2024-05-28 00:00:00+05:30,754.8467837037828,757.7821433020647,752.2321619595608,755.0441284179688,27908904,755.0441284179688,0.0018311681796339193,0.011947763741429822,0.18966486949906758
2024-05-29 00:00:00+05:30,748.8774560751649,751.763434227272,740.6141508121484,744.0921630859375,35147706,744.0921630859375,-0.014611293500002598,0.0120705121172037,0.1916134395558763
2024-05-30 00:00:00+05:30,739.6027730570852,751.6400771573121,738.8381451452329,747.3234252929688,33755350,747.3234252929688,0.0043331547398563815,0.011688769445352763,0.18555346250864282
2024-05-31 00:00:00+05:30,749.370736784836,757.7573743920395,746.9040786650703,755.5620727539062,74079588,755.5620727539062,0.010963882477909952,0.011724137219629572,0.18611490851961665
2024-06-03 00:00:00+05:30,788.8373406823981,788.8373406823981,764.6640888415991,775.6160278320312,72637256,775.6160278320312,0.026195648735321188,0.012412620203747879,0.19704423706687665
2024-06-04 00:00:00+05:30,768.1173430540747,769.1040063078372,717.304185485308,731.684814453125,89531240,731.684814453125,-0.058307748343443766,0.01598321466446994,0.25372566692128884
2024-06-05 00:00:00+05:30,737.062160780223,769.4000136473305,731.2901444599279,765.5520629882812,81631650,765.5520629882812,0.04524738464040342,0.017867040010564855,0.28363046719677276
2024-06-06 00:00:00+05:30,772.0147015010076,772.2859977724349,762.9867083301413,769.4493408203125,46422870,769.4493408203125,0.005077892693298836,0.017860241826757894,0.28352254937445204
2024-06-07 00:00:00+05:30,770.1154063679018,781.6099978301712,765.6754214599775,776.183349609375,36712216,776.183349609375,0.00871365032436988,0.017906850654103943,0.2842624415708
2024-06-10 00:00:00+05:30,776.5039961939522,779.7846636223554,768.4133453075493,770.2387084960938,22454058,770.2387084960938,-0.007688289706300275,0.01798586952002718,0.2855168271794914
2024-06-11 00:00:00+05:30,767.6240504407497,775.0240252200629,765.7493660748642,771.9653930664062,29545326,771.9653930664062,0.0022392435476728313,0.017981514425815373,0.28544769220216726
2024-06-12 00:00:00+05:30,776.9973227739393,783.5586575880445,772.7546827700062,776.5780029296875,39280436,776.5780029296875,0.005957370671167871,0.01787461657788442,0.2837507414742874
2024-06-13 00:00:00+05:30,780.3273770852536,782.2760131134276,776.5040566032491,779.8340454101562,24120192,779.8340454101562,0.004184042694891181,0.017823151472137234,0.2829337582482593
2024-06-14 00:00:00+05:30,781.4372796414563,788.8372538804852,778.3292663726063,787.80126953125,25540554,787.80126953125,0.01016472727292289,0.01785411849198073,0.2834253444483634
2024-06-18 00:00:00+05:30,787.8013228802739,794.5106212671108,784.1259659599784,793.1786499023438,32415714,793.1786499023438,0.006802617847038258,0.01777158060414327,0.2821150960986126
2024-06-19 00:00:00+05:30,795.941305047812,823.8145435842582,791.3039754417663,817.869873046875,90131196,817.869873046875,0.03065476467165907,0.018507884573271342,0.2938035592485886
2024-06-20 00:00:00+05:30,823.7651872236406,829.5124525875813,814.983860042712,823.5431518554688,41408742,823.5431518554688,0.0069127042544446906,0.018321944273318253,0.29085184849430484
2024-06-21 00:00:00+05:30,825.2697933574087,825.2697933574087,810.6178682451445,821.7671508789062,51630776,821.7671508789062,-0.0021588653075286066,0.017985652339331158,0.285513379542824
2024-06-24 00:00:00+05:30,812.5172157896385,826.3798229097616,811.9005512360641,825.0478515625,28544994,825.0478515625,0.0039843030561813346,0.01717321273397475,0.2726163006366289
2024-06-25 00:00:00+05:30,824.4065232844747,847.025767804676,824.4065232844747,844.2631225585938,74521548,844.2631225585938,0.023022816049406307,0.017475700066417132,0.2774181381749681
2024-06-26 00:00:00+05:30,842.5857736709851,844.041138181783,834.2731473521208,839.40380859375,47596666,839.40380859375,-0.0057723144256912415,0.017559506651589885,0.27874852647054804
2024-06-27 00:00:00+05:30,836.7397746618053,845.0770913433391,832.0531241260426,836.7644653320312,55074650,836.7644653320312,-0.0031492607086749907,0.017624719658925047,0.27978375086848084
2024-06-28 00:00:00+05:30,837.4797542547091,841.9197388781129,828.3037980772367,830.6718139648438,26476046,830.6718139648438,-0.007307839654689819,0.01735855461093561,0.2755585117204151
2024-07-01 00:00:00+05:30,828.7971921822882,842.2651706437105,828.7971921822882,841.2291259765625,21187024,841.2291259765625,0.012629279740521181,0.017317846352767723,0.2749122881559021
2024-07-02 00:00:00+05:30,846.0637432263002,855.8810546817267,840.0204307746837,853.7597045898438,45921690,853.7597045898438,0.014785710288871236,0.017398424284339353,0.27619142316449313
2024-07-03 00:00:00+05:30,883.5570176331604,885.0370126375711,870.5577402219837,872.5310668945312,123217802,872.5310668945312,0.021748482362268194,0.017551833764251235,0.2786267231601327
2024-07-04 00:00:00+05:30,868.1404005851939,868.1404005851939,850.9231133709549,852.0578002929688,45848658,852.0578002929688,-0.02374389495090141,0.01837051912075448,0.29162295029203983
2024-07-05 00:00:00+05:30,831.2638253093144,831.2638253093144,810.1492067263514,813.0598754882812,82242548,813.0598754882812,-0.04684961082466313,0.020417615468014228,0.32411959735986784
2024-07-08 00:00:00+05:30,811.678583484828,816.4391857049037,802.7246020410699,806.7698974609375,39087800,806.7698974609375,-0.007766260069111642,0.0203609807076562,0.32322054841105335
2024-07-09 00:00:00+05:30,801.6639054458949,812.3691778178521,799.369901303005,807.3372192382812,48550878,807.3372192382812,0.0007029543390719549,0.020346253025243143,0.32298675370073365
2024-07-10 00:00:00+05:30,804.1059188594888,809.0639261539534,799.5672916548901,802.2066040039062,45507182,802.2066040039062,-0.0063752630250390185,0.020407752508168522,0.32396302772621133
2024-07-11 00:00:00+05:30,801.1458762280633,802.0832183690328,789.8239394111588,800.1345825195312,44177074,800.1345825195312,-0.002586243999370433,0.02018673175985921,0.3204544321185403
2024-07-12 00:00:00+05:30,800.1839277769812,808.2745787950348,794.8312914757237,800.5292358398438,56049960,800.5292358398438,0.0004931120748566136,0.020186360272439485,0.3204485349385736
2024-07-15 00:00:00+05:30,800.9239527377698,804.031966294815,796.8292758573642,800.2332763671875,33375694,800.2332763671875,-0.00036977312221097663,0.020124438897351254,0.31946556358263795
2024-07-16 00:00:00+05:30,799.5673062806881,802.6506292263948,797.6186702674619,799.073974609375,28950324,799.073974609375,-0.0014497551488688372,0.019600385544120375,0.3111464745043676
2024-07-18 00:00:00+05:30,793.2772787604164,801.1458943462288,788.9113057816174,796.6319580078125,33717064,796.6319580078125,-0.0030607375181981988,0.01612362732299739,0.25595464877362323
2024-07-19 00:00:00+05:30,797.2239682199486,800.6772898644657,791.0573224261681,792.9320068359375,26002152,792.9320068359375,-0.004655311690241482,0.014036198298713472,0.22281774030710247
2024-07-22 00:00:00+05:30,797.7172520784763,814.4905276323838,795.5712715150735,810.3218994140625,53744822,810.3218994140625,0.02169409914148064,0.01451533098205687,0.23042373585788062
2024-07-23 00:00:00+05:30,812.7885887086006,812.9119216218081,791.7973027922226,798.407958984375,52002152,798.407958984375,-0.014811881790019035,0.014758211240389507,0.23427934042937232
2024-07-24 00:00:00+05:30,793.3513220807449,799.6906218755655,783.4353677463822,791.3286743164062,61728206,791.3286743164062,-0.008906294684182645,0.014784421399262029,0.23469541380257342
2024-07-25 00:00:00+05:30,785.8773432331659,801.6639565310072,785.8773432331659,797.5199584960938,25535732,797.5199584960938,0.00779346174204761,0.014836450352686032,0.23552134783298267
2024-07-26 00:00:00+05:30,791.7972838101718,800.0605887969758,787.5792741911353,798.2846069335938,43810540,798.2846069335938,0.000958323484698409,0.014807891954786281,0.23506799732087166
2024-07-29 00:00:00+05:30,796.7306475152811,805.0432741154053,788.4920327099303,791.822021484375,51001148,791.822021484375,-0.008128537944921297,0.014884704961321014,0.23628736599734815
2024-07-30 00:00:00+05:30,790.3172853310259,806.4738965011826,788.8372904146756,797.001953125,54595834,797.001953125,0.006520483170183557,0.014817903277497848,0.23522692214200935
2024-07-31 00:00:00+05:30,796.237255579839,803.0945773220608,793.8692396532248,797.1005859375,37820484,797.1005859375,0.00012374713697396213,0.014768279464895024,0.2344391685384857
2024-08-01 00:00:00+05:30,800.627938629233,814.0219048337823,798.1859108540549,808.471923828125,26215174,808.471923828125,0.014165075645566336,0.01387413076187865,0.22024499791873206
2024-08-02 00:00:00+05:30,804.6238722852388,824.1104712768188,804.6238722852388,818.5111694335938,44119238,818.5111694335938,0.01234109077542666,0.014007351419167475,0.2223598102908288
2024-08-05 00:00:00+05:30,809.1131991555811,812.02386783421,789.8239443515008,797.1005859375,41333634,797.1005859375,-0.02650616642099299,0.014807010480515954,0.23505400435063334
2024-08-06 00:00:00+05:30,804.1305829139676,805.5858871810888,786.0253355957136,789.922607421875,45116050,789.922607421875,-0.00904590114678211,0.014846338521922112,0.235678317653305
2024-08-07 00:00:00+05:30,797.7172336137804,804.130544706532,790.415901512036,800.9238891601562,42346264,800.9238891601562,0.01383094740521952,0.014412360127519657,0.22878912421752098
2024-08-08 00:00:00+05:30,801.1705962949537,815.6252376687839,798.8272709671206,810.3958740234375,33976950,810.3958740234375,0.011756938858893413,0.01459808113909585,0.23173735387674071
2024-08-09 00:00:00+05:30,814.9838462106346,820.1885189537674,811.9252142176729,814.0958251953125,26644618,814.0958251953125,0.00455521880658434,0.014629838066304735,0.23224147946753046
2024-08-12 00:00:00+05:30,814.9838840860709,826.7991529902637,812.6898798741655,818.9798583984375,39316196,818.9798583984375,0.005981410186471453,0.014630802239187453,0.23225678523754173
2024-08-13 00:00:00+05:30,803.1438891669751,805.314560371115,789.8979470194763,790.9092407226562,54055042,790.9092407226562,-0.0348762693668208,0.015695910643879662,0.2491648569863837
2024-08-14 00:00:00+05:30,792.5372946697382,796.0892584565494,790.9092761384464,793.1786499023438,32334428,793.1786499023438,0.002865258608082173,0.015403005812007764,0.2445151369287303
2024-08-16 00:00:00+05:30,803.3906439659711,806.1779800129083,794.757339532809,805.1666259765625,27849246,805.1666259765625,0.015000764918281022,0.015083359647250424,0.23944091137182932
2024-08-19 00:00:00+05:30,807.9045746403995,807.9045746403995,801.0225621096914,804.895263671875,19502164,804.895263671875,-0.0003370830761247774,0.014552146199364676,0.23100815931463614
2024-08-20 00:00:00+05:30,802.8726105839366,812.0239372458545,802.8726105839366,807.9292602539062,31134494,807.9292602539062,0.0037623437837557092,0.011842643223821274,0.18799613301537196
2024-08-21 00:00:00+05:30,803.1932814957441,806.3753069063249,798.1120014172305,802.0586547851562,47630904,802.0586547851562,-0.007292764663157935,0.011832538025907217,0.18783571797159387
2024-08-22 00:00:00+05:30,805.1172807347715,808.2252943260683,803.1439540663039,804.77197265625,21300638,804.77197265625,0.0033772326761716378,0.011849599242601897,0.18810655639022372
2024-08-23 00:00:00+05:30,806.1038926835937,806.1038926835937,800.6772446912317,801.6885986328125,20333422,801.6885986328125,-0.003838722051286954,0.011812314687018266,0.1875146824193166
2024-08-26 00:00:00+05:30,805.2159251748899,812.9858989531632,805.2159251748899,809.0392456054688,22364266,809.0392456054688,0.009127175677615675,0.011917735524214488,0.18918818632866918
2024-08-27 00:00:00+05:30,810.7412543536698,812.714580974844,805.2159036816922,807.9539184570312,35773244,807.9539184570312,-0.0013424018549275587,0.011921786868240022,0.18925249942127195
2024-08-28 00:00:00+05:30,807.9539173658313,808.9405806750858,804.2292392849356,807.6332397460938,26921188,807.6332397460938,-0.00039698101525588176,0.011921841220342974,0.1892533622341578
2024-08-29 00:00:00+05:30,810.0505418236547,811.2345497877237,804.6979056469421,808.3485717773438,49052604,808.3485717773438,0.0008853219422047762,0.01191759923512636,0.1891860228064676
2024-08-30 00:00:00+05:30,816.9572296027775,819.9172195651064,799.7646332824804,807.5346069335938,445342100,807.5346069335938,-0.0010074551469059555,0.011903017086389904,0.1889545383716419
2024-09-02 00:00:00+05:30,812.4185353190471,812.4185353190471,800.7758609185206,802.6258544921875,34049680,802.6258544921875,-0.006097240326599719,0.011927242725513628,0.1893391084704797
2024-09-03 00:00:00+05:30,806.1039427589494,809.0392420850643,801.466613051357,807.756591796875,37282860,807.756591796875,0.006372094625135141,0.011295514348232213,0.17931073137590564
2024-09-04 00:00:00+05:30,808.5705516272349,811.4318992052836,805.1172301742814,809.951904296875,24682744,809.951904296875,0.002714103131586349,0.010956829551308294,0.17393427690291102
2024-09-05 00:00:00+05:30,812.0238589250097,813.947864316631,810.0505324148638,811.7525024414062,22876318,811.7525024414062,0.00222062525941455,0.010815609497379449,0.17169247804592588
2024-09-06 00:00:00+05:30,808.2252499925564,812.8872099026286,806.1532209716318,807.5592041015625,26029602,807.5592041015625,-0.005179123569697468,0.010787698040157376,0.17124939739869174
2024-09-09 00:00:00+05:30,808.0772497858858,813.2572321563082,804.1799176724811,812.2705688476562,23792914,812.2705688476562,0.005817127343143787,0.010832486280902264,0.17196038867871813
2024-09-10 00:00:00+05:30,815.9705333718649,815.9705333718649,808.0772271240113,814.1698608398438,26606646,814.1698608398438,0.0023355209583480166,0.010710219825938104,0.17001946887759428
2024-09-11 00:00:00+05:30,814.1945707781381,815.2305552034559,808.6692201411954,810.9879150390625,22226684,810.9879150390625,-0.003915865787316679,0.010691773721873325,0.16972664605351373
2024-09-12 00:00:00+05:30,815.970556634334,823.8638631072175,812.541925723635,822.1865234375,32424046,822.1865234375,0.01371413077639598,0.010956419853606918,0.1739277731535277
2024-09-13 00:00:00+05:30,825.8371886289187,825.8371886289187,817.4752411837702,821.8658447265625,23860532,821.8658447265625,-0.0003901076647119476,0.010673459678433238,0.1694359196268587
2024-09-16 00:00:00+05:30,822.383822656841,827.7118283198007,820.9285184448568,824.3324584960938,15172820,824.3324584960938,0.0029967417784922215,0.010451468830509245,0.16591192416522324
2024-09-17 00:00:00+05:30,827.8104775064535,827.8104775064535,820.9778464556504,823.2718505859375,20127122,823.2718505859375,-0.0012874548225078849,0.009160878713518885,0.14542444120077774
2024-09-18 00:00:00+05:30,824.7764529489335,838.1210972952287,824.4064542356848,836.0984497070312,40917342,836.0984497070312,0.015459906194788925,0.009318342163032086,0.1479240959687436
2024-09-19 00:00:00+05:30,838.2691083056365,848.0370989791965,838.2444778560398,842.8571166992188,30651776,842.8571166992188,0.008051080845011552,0.009120676722384024,0.14478625437626294
2024-09-20 00:00:00+05:30,846.8037464482039,860.8390072921377,842.3884524296358,858.989013671875,60623386,858.989013671875,0.01895868242693827,0.009482091466157305,0.15052353556932035
2024-09-23 00:00:00+05:30,862.8370939539058,871.3963864151646,858.5204418257773,868.1651000976562,26965350,868.1651000976562,0.010625771828369024,0.009603794346404956,0.1524555088991737
2024-09-24 00:00:00+05:30,870.7303607683197,878.9443447710721,865.4270455398441,872.2350463867188,33039036,872.2350463867188,0.0046770321369237885,0.009588760526104878,0.15221685440055827
2024-09-25 00:00:00+05:30,868.3376691203036,882.0769427901153,868.3376691203036,877.686279296875,31965312,877.686279296875,0.006230280714040041,0.00659120840161763,0.10463218962047874
2024-09-26 00:00:00+05:30,874.7017352717152,882.0770195965482,872.2350769395101,879.8323364257812,31899644,879.8323364257812,0.0024421456208902352,0.006592999923435951,0.10466062914767649
2024-09-27 00:00:00+05:30,876.6503084858455,877.2422823547212,863.3303544458242,864.6376953125,35613502,864.6376953125,-0.01742079269055469,0.007258973800629748,0.11523263669999803
2024-09-30 00:00:00+05:30,862.738402689165,864.0456833682003,850.701098537286,854.47509765625,26383534,854.47509765625,-0.011823210299982491,0.007696692231150287,0.12218120136855913
2024-10-01 00:00:00+05:30,850.5037447767241,859.3837142697525,848.5797393423385,851.5890502929688,24572284,851.5890502929688,-0.0033832844089779174,0.007750412386997639,0.12303398240514148
2024-10-03 00:00:00+05:30,846.3844351066934,851.5644172954591,825.5164827720641,829.7838134765625,48473398,829.7838134765625,-0.025938873958642108,0.009126452344455476,0.1448779395342695
2024-10-04 00:00:00+05:30,826.083866681385,834.0511850540141,815.4772359655595,817.771240234375,48683232,817.771240234375,-0.014582561096544986,0.009553216615306564,0.15165261230898824
2024-10-07 00:00:00+05:30,815.0824984433904,818.4371776300311,795.7439225540929,798.1119384765625,94458296,798.1119384765625,-0.024333778683615033,0.010556814490375451,0.1675842346714591
2024-10-08 00:00:00+05:30,804.1306032900168,817.3519158252083,800.1839500223357,814.5152587890625,29734406,814.5152587890625,0.020344300407884652,0.011082260552540484,0.17592543231866029
2024-10-09 00:00:00+05:30,813.7505304861846,817.3271848335777,803.4892084079638,805.6845703125,41125642,805.6845703125,-0.010900847861542174,0.011264772723328927,0.1788227232095529
2024-10-10 00:00:00+05:30,808.5705299330368,821.6191272702827,805.363874384187,820.114501953125,21754766,820.114501953125,0.017751653099369366,0.011725812451573817,0.18614150200229357
2024-10-11 00:00:00+05:30,821.1258260358886,821.1258260358886,810.6672193318118,814.4905395507812,23672594,814.4905395507812,-0.006881154102525334,0.011802749444139745,0.1873628388959976
2024-10-14 00:00:00+05:30,816.9819085005773,834.741848018609,815.9705545228965,832.7931518554688,18527508,832.7931518554688,0.02222248129506706,0.012460911940349317,0.1978108446194377
2024-10-15 00:00:00+05:30,835.7038196244212,837.6771462351046,826.5771840500105,830.81982421875,19651130,830.81982421875,-0.002372340911726003,0.012405916725441328,0.19693782264776716
2024-10-16 00:00:00+05:30,828.8465156450762,842.585790426718,828.8465156450762,838.565185546875,20470682,838.565185546875,0.009279365586703992,0.012459349334742452,0.19778603902443948
2024-10-17 00:00:00+05:30,836.1724403142362,837.5044718768119,821.4958240034423,825.4178466796875,14695732,825.4178466796875,-0.015802579965323388,0.012837122439334716,0.203783001144999
2024-10-18 00:00:00+05:30,820.4598702584595,834.2238355924767,816.0198853262701,829.7098388671875,24809724,829.7098388671875,0.00518630900250675,0.012861186476733689,0.20416500589598605
2024-10-21 00:00:00+05:30,846.063768270474,862.4177242903107,844.1151323678729,852.8223876953125,46548354,852.8223876953125,0.02747525711200904,0.013698455941407428,0.2174562465992354
2024-10-22 00:00:00+05:30,853.4884373802005,858.3970631644344,843.9424218629189,845.841796875,38875280,845.841796875,-0.00821896426543224,0.013796500043984942,0.21901264847685506
2024-10-23 00:00:00+05:30,841.1551854708522,861.603759041874,841.1551854708522,856.3251342773438,38036090,856.3251342773438,0.01231779299842312,0.013940711240407303,0.221301930248883
2024-10-24 00:00:00+05:30,857.4597103207274,872.5310159915173,857.4597103207274,863.15771484375,30832258,863.15771484375,0.00794729244516855,0.013944680612836702,0.2213649420827381
2024-10-25 00:00:00+05:30,865.7970368926951,867.2030200365818,852.8223905419693,860.0744018554688,26130478,860.0744018554688,-0.0035785269422184867,0.013803801602454237,0.21912855712421278
2024-10-28 00:00:00+05:30,859.383716444917,863.8237012026692,852.9210840084185,855.5357055664062,22012142,855.5357055664062,-0.005291070340497269,0.013855865890567812,0.2199550520754296
2024-10-29 00:00:00+05:30,851.5644426318723,870.2370336046123,851.0464203091243,864.2430419921875,35794926,864.2430419921875,0.010126198898707535,0.013946136796232496,0.22138805827750954
2024-10-30 00:00:00+05:30,859.3836983279829,865.6736766021975,850.6023712370916,855.7330322265625,32715724,855.7330322265625,-0.009895578591478322,0.014094845018308405,0.22374872811865007
2024-10-31 00:00:00+05:30,852.4771270596069,857.8544543150349,848.2344867353692,856.2757568359375,22895912,856.2757568359375,0.0006340208426765484,0.01383843287604794,0.21967831154929904
2024-11-01 00:00:00+05:30,854.9437133825962,860.4196824223525,851.5397130969706,857.0650634765625,1759692,857.0650634765625,0.0009213656583736747,0.013770575185685443,0.21860110410984468
2024-11-04 00:00:00+05:30,860.8637106769045,860.8637106769045,844.0411138190809,845.6197509765625,28089248,845.6197509765625,-0.013444044123754835,0.013546416644179696,0.21504269757939373
2024-11-05 00:00:00+05:30,840.1437747820238,869.5956493162819,837.6277954866241,867.2030029296875,44232406,867.2030029296875,0.025203301832402377,0.014205532154542769,0.2255058319335104
2024-11-06 00:00:00+05:30,873.9369881601011,873.9369881601011,861.0363539084846,865.9203491210938,27787910,865.9203491210938,-0.0014801647456370657,0.01417953185027209,0.225093089898837
2024-11-07 00:00:00+05:30,860.5184217555121,868.7323455565536,857.4104082699865,861.62841796875,18895456,861.62841796875,-0.00496882063702857,0.014150644982737739,0.22463452509292767
2024-11-08 00:00:00+05:30,864.3169963876733,869.15167034177,861.2829948869464,865.525634765625,19902986,865.525634765625,0.004512884539708947,0.014171109590405712,0.22495939066833545
2024-11-11 00:00:00+05:30,865.5750573030832,879.5116762015548,863.9223481240455,871.3717041015625,24565362,871.3717041015625,0.006731648763995873,0.013862096751146295,0.2200539639206971
2024-11-12 00:00:00+05:30,874.1837241378527,875.6637191561447,842.931174712482,847.6424560546875,31395406,847.6424560546875,-0.027609726519197242,0.014615698321683714,0.23201701798031535
2024-11-13 00:00:00+05:30,846.9270867373347,853.1677439816382,825.3438276461692,829.463134765625,35728500,829.463134765625,-0.02168024894401143,0.015123143592541244,0.24007246192430437
2024-11-14 00:00:00+05:30,825.39317914741,841.05645917869,824.8998474928816,835.087158203125,27146470,835.087158203125,0.006757434559975643,0.014416418312037866,0.22885354589957854
2024-11-18 00:00:00+05:30,838.6637692715708,847.987749103584,836.1971111266544,841.1797485351562,27081968,841.1797485351562,0.00726926855904945,0.014193434332428062,0.22531378496118432
2024-11-19 00:00:00+05:30,845.5704607570133,865.1803941380466,839.9957889401087,859.507080078125,50981272,859.507080078125,0.021553693183001436,0.01384402774660169,0.21976712736591597
2024-11-21 00:00:00+05:30,863.0343691875372,867.7703408111802,855.5356922473849,858.989013671875,35716512,858.989013671875,-0.0006029299965572208,0.013433612419905714,0.21325198603379467
2024-11-22 00:00:00+05:30,860.148374275574,865.4516892160756,853.2417315623627,861.15966796875,24773612,861.15966796875,0.0025237997996563266,0.01321878292194795,0.20984167347853205
2024-11-25 00:00:00+05:30,880.6216480727867,889.7482832055338,870.6810037082952,880.8929443359375,427737274,880.8929443359375,0.02265617044498036,0.013445878088371296,0.21344669748433806
2024-11-26 00:00:00+05:30,892.9302818593218,892.9302818593218,873.0983737208503,880.8683471679688,30935566,880.8683471679688,-2.7923383365216366e-05,0.013340861466125528,0.21177961028839615
2024-11-27 00:00:00+05:30,883.0143007972586,896.5562300169572,880.6709755435701,894.06494140625,32714976,894.06494140625,0.014870234837389874,0.013032139682060162,0.20687880389872532
2024-11-28 00:00:00+05:30,897.3702251985009,905.8061839354122,882.07694483503,884.6176147460938,35722392,884.6176147460938,-0.010622936025321142,0.013221275956465857,0.20988124917459774
2024-11-29 00:00:00+05:30,888.6383310231244,890.2662893460416,879.561016559754,886.04833984375,27669536,886.04833984375,0.0016160308558661695,0.013151457028898502,0.20877290805970702
2024-12-02 00:00:00+05:30,889.7236388960249,892.0176431336934,875.6636867426915,890.3156127929688,15110876,890.3156127929688,0.0048045122188577405,0.012729821675955134,0.20207965433266045
2024-12-03 00:00:00+05:30,899.1955156163089,906.4475265301776,895.9395389832724,900.9715576171876,43410242,900.9715576171876,0.011897668558908722,0.01283676547081538,0.20377733444543075
2024-12-04 00:00:00+05:30,906.7435619082082,920.063516299678,903.3642521901576,917.6461791992188,44669084,917.6461791992188,0.018338201078416255,0.01232813204013435,0.19570302904897705
2024-12-05 00:00:00+05:30,917.596875706611,927.4388181075852,905.3622266087298,920.4335327148438,39682714,920.4335327148438,0.003032899644314184,0.012162654491912842,0.19307615440802423
2024-12-06 00:00:00+05:30,916.1168429341786,919.6688066050772,909.7035317020062,915.5494995117188,17783156,915.5494995117188,-0.005320359325878643,0.012113769661049776,0.19230013177594144
2024-12-09 00:00:00+05:30,914.464251733858,927.4635290462064,912.1702474502318,922.5302124023438,26947912,922.5302124023438,0.0075956950156058625,0.012108215469134733,0.19221196171269467
2024-12-10 00:00:00+05:30,926.3288062229568,926.3288062229568,916.881553393078,921.5928344726562,13325480,921.5928344726562,-0.0010166111334138322,0.012074916623580527,0.1916833589270028
2024-12-11 00:00:00+05:30,918.435483332828,923.4675021564424,915.9935158212784,919.1261596679688,14045426,919.1261596679688,-0.0026801225923797837,0.012027611969907353,0.19093242083015127
2024-12-12 00:00:00+05:30,913.1568815747592,921.864197216933,912.0221946944998,917.2268676757812,17293790,917.2268676757812,-0.0020685485210582915,0.011963031062167763,0.18990723070222068
2024-12-13 00:00:00+05:30,918.8301759997275,924.996821476236,902.4268990322158,923.3934936523438,19009002,923.3934936523438,0.006700620267709048,0.011777054650888207,0.18695494669840085
2024-12-16 00:00:00+05:30,920.1128492893369,922.5054957499956,915.2535445762154,920.1621704101562,13107082,920.1621704101562,-0.00350553727697522,0.011824270213999372,0.18770447052642494
2024-12-17 00:00:00+05:30,915.7962178924912,918.7562078618506,901.0702798391582,904.4002685546876,21079532,904.4002685546876,-0.0172778893477726,0.012357503011555384,0.19616927876584372
2024-12-18 00:00:00+05:30,902.7229483325016,905.7569501607672,891.5243434620028,893.275634765625,23422312,893.275634765625,-0.01237684254417571,0.012313589020231183,0.19547216576512322
2024-12-19 00:00:00+05:30,887.7995941182149,888.5395915672278,877.6369745293333,884.790283203125,25380770,884.790283203125,-0.009544546007490877,0.011655631933932693,0.1850274208229324
2024-12-20 00:00:00+05:30,879.2156362475025,886.7883251977108,871.7417099804251,873.93701171875,25692348,873.93701171875,-0.01234234470772276,0.011891039327422966,0.18876439734269954
2024-12-23 00:00:00+05:30,879.1169941259847,890.956953642833,878.7716860618692,888.4902954101562,11044592,888.4902954101562,0.01651542100615275,0.012205132960253157,0.19375047918784463
2024-12-24 00:00:00+05:30,889.0083275055933,892.2889348142179,882.8416818560752,887.0596313476562,14485834,887.0596313476562,-0.0016115169171619468,0.0121959686416762,0.19360500014050464
2024-12-26 00:00:00+05:30,887.2816657547127,893.916952377888,878.5003382709294,883.4336547851562,10481678,883.4336547851562,-0.0040960128574484,0.012175160752430681,0.19327468513899373
2024-12-27 00:00:00+05:30,885.4316968356189,890.9322967259654,882.6196702111419,887.1336669921875,7259330,887.1336669921875,0.004179471232185206,0.01097199036613115,0.1741749473770773
2024-12-30 00:00:00+05:30,884.1489668763874,895.3969526845203,873.6903598921683,877.0943603515625,22222218,877.0943603515625,-0.011381085494609889,0.010365471077630167,0.16454675216065268
2024-12-31 00:00:00+05:30,873.3450067875037,879.0183205202264,871.0263119988338,874.6029663085938,14117236,874.6029663085938,-0.002844550465391426,0.010357313556089544,0.16441725552078582
2025-01-01 00:00:00+05:30,874.8989910757854,885.0369805772112,868.80635723923,879.4869995117188,7313806,879.4869995117188,0.0055687517970560655,0.010329499364255298,0.16397571891371587
2025-01-02 00:00:00+05:30,876.699651347947,889.6989281059142,874.6770036544534,884.9136352539062,18558576,884.9136352539062,0.006151270574716327,0.009658576569262538,0.1533251497268646
2025-01-03 00:00:00+05:30,883.5569553072743,885.6536147489581,861.5050553855514,862.9356689453125,24426194,862.9356689453125,-0.02514990817377683,0.0107720839890642,0.17100153202178697
2025-01-06 00:00:00+05:30,858.4463541498661,866.8823129474961,841.5251154360177,843.84375,18816348,843.84375,-0.022372797663013824,0.0115164284293044,0.18281763369368184
2025-01-07 00:00:00+05:30,846.063732614296,849.0237223493897,838.6637582765616,845.2744140625,13527906,845.2744140625,0.0016939778815401167,0.010655659905719915,0.16915335699490117
2025-01-08 00:00:00+05:30,842.7338203435289,844.4111600559388,830.4498497882179,835.8518676757812,19738190,835.8518676757812,-0.011209919398005514,0.010801459360191789,0.17146785158182992
2025-01-09 00:00:00+05:30,830.844525028491,833.237171528912,817.9932112311335,822.778564453125,40420222,822.778564453125,-0.015764300122494048,0.010622760855178019,0.16863110075827714
2025-01-10 00:00:00+05:30,824.3571854708366,826.2811909461473,815.9705474379197,817.3272094726562,17453280,817.3272094726562,-0.006647589615178964,0.010545936317618448,0.16741154903245614
2025-01-13 00:00:00+05:30,809.0639234971638,812.3939122066796,801.3186405131205,804.5499267578125,21669066,804.5499267578125,-0.01575649200114787,0.010778734097882462,0.1711070992265348
2025-01-14 00:00:00+05:30,809.0145872775671,817.0558570637163,807.5839134440961,812.3198852539062,26661432,812.3198852539062,0.009611186071636763,0.010936640128830081,0.17361377975696282
2025-01-15 00:00:00+05:30,817.2038902170349,820.2625224034592,807.2386148292592,810.568603515625,14022892,810.568603515625,-0.002158228898882884,0.010568820940346635,0.16777483115597405
2025-01-16 00:00:00+05:30,815.4032351586193,819.2019251337407,810.4699184801376,815.0086059570312,21212454,815.0086059570312,0.005462691598656142,0.00989002098488459,0.1569992159232883
2025-01-17 00:00:00+05:30,810.7905598983193,814.2438814190301,803.3905852110819,807.4605712890625,23112076,807.4605712890625,-0.009304446861912247,0.009845890723202648,0.1562986697370726
2025-01-20 00:00:00+05:30,802.1572673696536,819.3991845447669,802.1572673696536,814.6138916015625,17557618,814.6138916015625,0.0088200225688273,0.010132863889272196,0.16085422751928577
2025-01-21 00:00:00+05:30,818.0672195171876,819.4485722440602,805.6352858599316,810.2479248046875,31158144,810.2479248046875,-0.00537396750916446,0.009899758995098193,0.15715380204302712
2025-01-22 00:00:00+05:30,810.2479165643738,824.8012002853578,801.8859089377631,821.9152221679688,30619306,821.9152221679688,0.014296972849249487,0.010455484717738286,0.16597567439863117
2025-01-23 00:00:00+05:30,832.2505181334424,832.2505181334424,814.6139111249832,821.347900390625,34909158,821.347900390625,-0.000690481995361013,0.010469236587616386,0.1661939785651886
2025-01-24 00:00:00+05:30,818.9305795964561,824.0119199318104,811.2839386423929,813.8986206054688,24236200,813.8986206054688,-0.009110958157753693,0.01050913053337902,0.1668272753210188
2025-01-27 00:00:00+05:30,809.6065327196525,810.839861804967,802.157237088582,804.0319213867188,22804166,804.0319213867188,-0.012196841927351059,0.010412525603666062,0.16529371960435862
2025-01-28 00:00:00+05:30,812.5172453545283,830.9185403912116,812.5172453545283,824.0612182617188,30179312,824.0612182617188,0.024605849548622483,0.011700902808355828,0.1857460736750807
2025-01-29 00:00:00+05:30,826.3304621132276,829.3644636153648,823.2964606110903,827.4651489257812,12619890,827.4651489257812,0.0041221691057861665,0.011493616095489186,0.18245549912108158
2025-01-30 00:00:00+05:30,829.2905374831995,837.6278547525732,825.1219089590883,834.4705200195312,25744846,834.4705200195312,0.008430425695923114,0.011533717129783476,0.18309208330543655
2025-01-31 00:00:00+05:30,832.3738053097981,840.9824182950722,830.7457868177106,838.047119140625,15821686,838.047119140625,0.00427691103432287,0.011509135076516613,0.1827018553074798
2025-02-01 00:00:00+05:30,837.4305042201771,845.0771450539991,826.8485640579613,834.1991577148438,5587528,834.1991577148438,-0.004602154922553651,0.011350531088842522,0.180184095057507
2025-02-03 00:00:00+05:30,823.8638327488314,832.1518283284162,820.6324864421063,827.8104858398438,20276540,827.8104858398438,-0.007687925718350088,0.010872191331037506,0.17259068680942535
2025-02-04 00:00:00+05:30,833.0891713164636,851.391824544325,828.8219005259823,848.9744873046875,28616502,848.9744873046875,0.02524488921900811,0.011984545925882382,0.19024876857550266
2025-02-05 00:00:00+05:30,854.9437515638108,860.4690419690123,847.9877873258422,857.311767578125,23675506,857.311767578125,0.009772506344272559,0.01214586226909299,0.19280958613477633
2025-02-06 00:00:00+05:30,856.1770794811201,862.8370567631686,850.5037655001158,860.29638671875,26760716,860.29638671875,0.0034753236786236215,0.012136183469101124,0.19265593994816826
2025-02-07 00:00:00+05:30,863.3304057123341,871.7170439392539,850.997114202158,854.8204345703125,23509600,854.8204345703125,-0.006385536760317752,0.012022917914659977,0.19085790501320155
2025-02-10 00:00:00+05:30,847.1984039096569,850.2323451556149,842.8570616226162,846.4337158203125,17195950,846.4337158203125,-0.009859534141520281,0.012130632186915598,0.1925678160754456
2025-02-11 00:00:00+05:30,840.1437497009048,844.090402664855,833.0890834393857,839.3544311523438,22724704,839.3544311523438,-0.008398832670947563,0.012134243813637537,0.1926251488722535
2025-02-12 00:00:00+05:30,835.2104321766692,844.5837329512449,829.38909497558,842.0184326171875,22809570,842.0184326171875,0.0031688434510599222,0.012081015073818181,0.19178016882327323
2025-02-13 00:00:00+05:30,838.1704689996619,845.6937766231139,835.4818356095761,837.5291137695312,12602434,837.5291137695312,-0.0053458796671552854,0.01126662107133521,0.17885206482451846
2025-02-14 00:00:00+05:30,839.601120018604,839.601120018604,828.7971451888767,836.1231079101562,19959892,836.1231079101562,-0.0016801652958959462,0.010521569327210213,0.16702473505154045
2025-02-17 00:00:00+05:30,831.3624591587258,848.5304243918573,829.413823260936,847.2230834960938,12938946,847.2230834960938,0.013188180215424956,0.010802453604846529,0.1714836347264227
2025-02-18 00:00:00+05:30,845.1017788797033,854.2284140997132,841.697778564227,850.0350952148438,16350910,850.0350952148438,0.003313596395638011,0.010602787676027622,0.1683140363687374
2025-02-19 00:00:00+05:30,847.0504387449713,857.3610822217985,844.8057556604201,852.0823974609375,11884112,852.0823974609375,0.0024055956679794595,0.010147262116626978,0.1610827922926913
2025-02-20 00:00:00+05:30,844.0904430253034,845.9157460199498,831.4118438608401,832.2998046875,26390510,832.2998046875,-0.023490514702010832,0.011022695132021554,0.17497986058206785
2025-02-21 00:00:00+05:30,829.2411711352042,836.1724445897772,827.4404985932164,834.9638061523438,15680940,834.9638061523438,0.00319565990002076,0.010587127319443456,0.16806543591495163
2025-02-24 00:00:00+05:30,829.339781575346,830.8690975664632,819.4731490892408,827.366455078125,20693646,827.366455078125,-0.009140667349961655,0.010629128478089764,0.16873218363827983
2025-02-25 00:00:00+05:30,824.406500920576,832.7438177754724,824.406500920576,829.9564819335938,24138708,829.9564819335938,0.0031255573746655713,0.01062542213779173,0.16867334731006317
2025-02-27 00:00:00+05:30,830.0552335524236,843.9671626938127,830.0552335524236,839.0091552734375,35786800,839.0091552734375,0.010848350522579051,0.010751872833983054,0.1706806898814625
2025-02-28 00:00:00+05:30,831.2638337603047,857.0404125816553,831.2638337603047,854.6477661132812,54516728,854.6477661132812,0.018467796062539125,0.011028992624290721,0.17507983017263326
2025-03-03 00:00:00+05:30,858.2984018170607,859.9017296292334,835.7531099870528,839.428466796875,21205364,839.428466796875,-0.017968151003768845,0.01152223099640454,0.18290974659075826
2025-03-04 00:00:00+05:30,837.6771272358142,845.7184570804238,835.3338019387764,843.5971069335938,19920958,843.5971069335938,0.004953755577508308,0.011479422223067264,0.18223017838166528
2025-03-05 00:00:00+05:30,839.6257577393887,843.991790915382,832.8671383829512,833.73046875,21583872,833.73046875,-0.011764848001279278,0.011451523439216316,0.18178729891796075
2025-03-06 00:00:00+05:30,832.2504799228543,838.6144701478811,824.973838204501,834.3224487304688,32966088,834.3224487304688,0.000709785641831947,0.011449459498786058,0.18175453487936485
2025-03-07 00:00:00+05:30,829.7838192395386,839.2311321984157,827.6131479773222,833.3604736328125,13372914,833.3604736328125,-0.0011536667929511295,0.011309913148285793,0.17953930524062273
2025-03-10 00:00:00+05:30,833.2371287977431,838.6144556459366,830.3018296675241,832.4971313476562,15604050,832.4971313476562,-0.0010365139971990809,0.01104861979272418,0.17539140181232513
2025-03-11 00:00:00+05:30,829.9811819724781,835.7038170818192,823.8885481247595,831.510498046875,19898430,831.510498046875,-0.0011858520345377592,0.010126260842345958,0.16074940739891308
2025-03-12 00:00:00+05:30,834.4951408301645,847.7904041385841,834.4951408301645,844.1644287109375,18784106,844.1644287109375,0.015103372382932839,0.01046209175689068,0.16608055789362938
2025-03-13 00:00:00+05:30,846.5818201293218,848.9251455168071,838.6885135609504,841.9197998046875,15736264,841.9197998046875,-0.002662536300762467,0.010373867755953673,0.16468004529675068
2025-03-17 00:00:00+05:30,841.1304307424771,850.5037317302232,841.1304307424771,843.79443359375,18950652,843.79443359375,0.0022241427695266834,0.010353455960294404,0.1643560180859905
2025-03-18 00:00:00+05:30,843.79443359375,843.79443359375,843.79443359375,843.79443359375,0,843.79443359375,0.0,0.010313440705869288,0.16372079561484354
2025-03-19 00:00:00+05:30,855.930432694155,863.823739278078,854.5490799535085,860.4197387695312,15221406,860.4197387695312,0.019511435680427017,0.010765267175597807,0.17089331846279102
2025-03-20 00:00:00+05:30,865.3037412350927,875.1703745445009,862.985106495842,872.5803833007812,17833978,872.5803833007812,0.014034441172909196,0.010077604919118442,0.1599770185628915
2025-03-21 00:00:00+05:30,866.0684175252852,875.2196836615442,866.0684175252852,873.3696899414062,33508264,873.3696899414062,0.0009041572339245743,0.009937900663334248,0.15775928225547753
2025-03-24 00:00:00+05:30,877.6369838460287,890.1676194932312,874.997671627427,887.9969482421875,17393736,887.9969482421875,0.016609369397620307,0.010348893937313131,0.16428359821628766
2025-03-25 00:00:00+05:30,890.4143157035983,909.5555477752322,888.7369760332164,898.5789184570312,39101416,898.5789184570312,0.01184622960816282,0.010431794002858659,0.1655995959589142
2025-03-26 00:00:00+05:30,900.3302775382388,901.5636066855512,888.9836493829623,891.2283325195312,24478442,891.2283325195312,-0.008213875835778308,0.010373270417390982,0.16467056284103834
2025-03-27 00:00:00+05:30,887.9969842041877,908.2235821777276,887.0596420099644,900.5029296875,41658100,900.5029296875,0.010352757917161007,0.010307328290724655,0.16362376403254741
2025-03-28 00:00:00+05:30,902.3036249715724,905.7569466636452,890.8829847599874,901.908935546875,28773648,901.908935546875,0.0015601385806242745,0.010307073774667457,0.1636197237153953
2025-04-01 00:00:00+05:30,888.9836405685396,892.8809726796349,870.9030234039785,872.1363525390625,28511006,872.1363525390625,-0.03356777731672106,0.012151037414843625,0.19289173902670448
2025-04-02 00:00:00+05:30,873.5423260418547,887.602278026219,873.5423260418547,886.4676513671875,11573564,886.4676513671875,0.01629885529342563,0.012436469468573555,0.19742283240895941
2025-04-03 00:00:00+05:30,878.6729886492828,889.9702954640933,876.6503409310941,885.456298828125,11250038,885.456298828125,-0.0011415305366517115,0.012263899589863781,0.19468337051187956
2025-04-04 00:00:00+05:30,894.4102660639704,908.6921929973272,893.4729239008652,896.5316162109375,33540454,896.5316162109375,0.01243045466093209,0.01242304888947485,0.19720978732048555
2025-04-07 00:00:00+05:30,869.6450067324856,878.0562747489253,857.5090006629878,867.1289672851562,37995450,867.1289672851562,-0.0333458417810844,0.013977958817541051,0.22189321720509655
2025-04-08 00:00:00+05:30,870.730371547347,879.1170096868965,863.4784203033727,872.7777099609375,35563872,872.7777099609375,0.006493178739067864,0.013250265323059984,0.2103414411026378
2025-04-09 00:00:00+05:30,870.7303466796875,875.6636630914704,865.0570328061372,870.7303466796875,22454608,870.7303466796875,-0.002348557225771342,0.013265651248073506,0.21058568509029663
2025-04-11 00:00:00+05:30,875.540352413462,897.567622795633,875.540352413462,891.3269653320312,32775766,891.3269653320312,0.02337898618833949,0.013696448466554632,0.21742437892389313
2025-04-15 00:00:00+05:30,920.0634812745556,925.8848185421238,915.1301650210728,920.01416015625,49298344,920.01416015625,0.03167773678505552,0.01469809287051122,0.23332499089382505
2025-04-16 00:00:00+05:30,929.3381542000716,929.3381542000716,917.8435030643678,926.476806640625,19136820,926.476806640625,0.0069999507057782835,0.014647858200134381,0.23252754022376254
2025-04-17 00:00:00+05:30,928.4501090482868,947.0486870380012,925.8354273732424,940.6353759765624,35703084,940.6353759765624,0.015166566710336706,0.014542043307998045,0.2308477808861633
2025-04-21 00:00:00+05:30,949.170085798879,962.3420166432836,942.2634427629204,950.6994018554688,34247298,950.6994018554688,0.010642347387619391,0.014035579814628713,0.22280792217663373
2025-04-22 00:00:00+05:30,954.5967457498784,972.1593405008402,954.5967457498784,967.7686767578124,45961750,967.7686767578124,0.017795162224553296,0.014255059846021167,0.22629205966148822
2025-04-23 00:00:00+05:30,976.2540297557508,976.2540297557508,947.4434488933124,949.1207885742188,30570642,949.1207885742188,-0.019457018070191234,0.014623558055283897,0.23214178738317917
2025-04-24 00:00:00+05:30,942.2634238174406,949.1207455952106,939.8460867592294,945.6181030273438,25931754,945.6181030273438,-0.0036972794008777767,0.014683098868233801,0.23308696848672353
2025-04-25 00:00:00+05:30,949.5647662059754,953.6100615716746,933.2848220611924,942.8554077148438,18500878,942.8554077148438,-0.002925852300970198,0.014708814413771738,0.23349519011665396
2025-04-28 00:00:00+05:30,942.8554253066496,951.982060830828,941.4741328194632,947.29541015625,13920492,947.29541015625,0.004698049029679473,0.014676787184227219,0.2329867736093109
2025-04-29 00:00:00+05:30,946.6048254524144,951.5381421157664,937.4288082816594,941.6715087890624,18918308,941.6715087890624,-0.0059544907086598025,0.014763881835043046,0.234369358328807
2025-04-30 00:00:00+05:30,943.7434115323152,955.5340495753018,942.4114402150566,949.6633911132812,31936870,949.6633911132812,0.008451099686594729,0.014643114454226523,0.2324522355920321
2025-05-02 00:00:00+05:30,952.0314262519852,958.000727072394,947.1967520748112,948.1340942382812,17840404,948.1340942382812,-0.001611654792278283,0.01462806066421814,0.23221326408412507
2025-05-05 00:00:00+05:30,956.57004672681,962.9833580251332,953.2647488384408,955.4847412109376,15068024,955.4847412109376,0.0077228522537704045,0.014640000120845573,0.23240279708227765
2025-05-06 00:00:00+05:30,952.1300492793256,957.112686715781,949.318083066804,952.9686889648438,17490156,952.9686889648438,-0.002636746240735051,0.014673610797855889,0.23293635003887253
2025-05-07 00:00:00+05:30,954.1033540161452,961.3553047488028,948.3807192627594,959.8259887695312,21420778,959.8259887695312,0.007169958450146503,0.014395730087757993,0.2285251305205061
2025-05-08 00:00:00+05:30,964.364722012384,964.364722012384,946.752746184645,951.3900756835938,34803430,951.3900756835938,-0.00882785366625626,0.014431831592314457,0.22909822413857614
2025-05-09 00:00:00+05:30,942.3127568324844,946.7034204881496,930.8181657127636,932.248779296875,17188796,932.248779296875,-0.020324443025324,0.01503980207677925,0.2387494563767439
2025-05-12 00:00:00+05:30,946.0127244576516,966.8806765571812,943.3981029435624,965.5486450195312,18618972,965.5486450195312,0.03509677419872476,0.015999767792777647,0.25398843968682283
2025-05-13 00:00:00+05:30,961.996730590512,967.7686868855956,947.1967808891196,948.4794311523438,24242102,948.4794311523438,-0.01783638035990265,0.016334756646487987,0.2593062228801998
2025-05-14 00:00:00+05:30,948.2327622761528,952.2287366384548,938.8101397074493,942.5594482421876,15445308,942.5594482421876,-0.006261111089789701,0.016297318086109232,0.258711904158961
2025-05-15 00:00:00+05:30,943.9901042439284,959.4314088460198,935.85013208818,954.0047607421876,32241458,954.0047607421876,0.012069669340587097,0.016331125536563875,0.25924858079714574
2025-05-16 00:00:00+05:30,954.0047801554118,958.9380967138302,951.340777169636,954.44873046875,15868010,954.44873046875,0.0004652664962662019,0.01633318958694659,0.2592813465811828
2025-05-19 00:00:00+05:30,955.5834183781088,959.5300716290252,952.6234284399216,956.4220581054688,10202964,956.4220581054688,0.002065370772315716,0.014898578134277607,0.23650759579057934
2025-05-20 00:00:00+05:30,951.1927398071444,954.3993955236706,943.7434439560598,944.6807861328124,23879090,944.6807861328124,-0.012352221023240172,0.014939918754191912,0.2371638577866103
2025-05-21 00:00:00+05:30,950.6500948788124,960.4674068130724,947.739426083267,950.5514526367188,15132040,950.5514526367188,0.006195214666028613,0.014944735361912173,0.2372403190637549
2025-05-22 00:00:00+05:30,944.828766015395,949.2687509312964,939.895449442171,947.1474609375,21306670,947.1474609375,-0.0035874978118922932,0.01485860153800468,0.23587298699857334
2025-05-23 00:00:00+05:30,947.2460290070276,955.583345407158,944.4833839865792,953.906005859375,9566072,953.906005859375,0.00711034541028279,0.013311249206887357,0.2113095302461783
2025-05-26 00:00:00+05:30,954.5967478346392,961.947401503022,950.6007734925844,957.1620483398438,10802860,957.1620483398438,0.0034075663856596404,0.013296673073799973,0.21107814130682112
2025-05-27 00:00:00+05:30,952.9194312599,961.010082603254,945.3714929245052,950.3048095703124,26162148,950.3048095703124,-0.007189921315240015,0.013393809388346955,0.2126201324962091
2025-05-28 00:00:00+05:30,947.295443323748,954.3501102535764,946.0621141556768,948.9234619140624,18157594,948.9234619140624,-0.0014546412567309132,0.012841463786818616,0.2038519178997829
2025-05-29 00:00:00+05:30,951.1433943336576,957.4580633637506,940.9314535555671,950.896728515625,28917794,950.896728515625,0.0020773200759726974,0.011563003227074601,0.1835569856872603
2025-05-30 00:00:00+05:30,953.0674622365118,961.4047794767922,949.8608063918772,959.4807739257812,28748078,959.4807739257812,0.00898681351905487,0.011603576907319073,0.1842010728934695
2025-06-02 00:00:00+05:30,952.1794133521448,955.0900821550082,941.276795842849,953.1660766601562,14668822,953.1660766601562,-0.00660312195920083,0.011376361996778855,0.18059414800873824
2025-06-03 00:00:00+05:30,956.0767204883472,962.9833634640112,947.1967509482078,949.466064453125,24377584,949.466064453125,-0.0038893665163165616,0.011235528291049093,0.17835848223927864
2025-06-04 00:00:00+05:30,947.6901200517408,958.6914401720352,947.6407989299088,957.6553955078124,12961542,957.6553955078124,0.008588211670685327,0.010850620472189878,0.17224826004096394
2025-06-05 00:00:00+05:30,961.0100588418236,966.3873858970264,957.1620478647776,961.7993774414062,22255418,961.7993774414062,0.004317880713202454,0.010259092656395291,0.16285804707594576
2025-06-06 00:00:00+05:30,959.036689943126,984.8379583134906,958.3953347348496,976.1552734375,30127008,976.1552734375,0.014815783837666047,0.01055405780815845,0.1675404736979202
2025-06-09 00:00:00+05:30,984.196594423998,984.196594423998,974.7739724063232,976.2539672851562,13202588,976.2539672851562,0.00010109954991166624,0.010529083634240365,0.16714402097760103
2025-06-10 00:00:00+05:30,978.1780428487654,978.1780428487654,967.472709657825,969.5447387695312,15533126,969.5447387695312,-0.006896145098520626,0.010607246866716089,0.1683848238263992
2025-06-11 00:00:00+05:30,970.6793723493836,970.6793723493836,960.516752091058,962.194091796875,11096394,962.194091796875,-0.007610430907751382,0.010647698641252066,0.1690269758394799
2025-06-12 00:00:00+05:30,961.9966994408974,967.4233474890254,954.7447484104944,958.74072265625,16349130,958.74072265625,-0.003595512804482402,0.010572924298758477,0.16783996995136147
2025-06-13 00:00:00+05:30,947.19676434732,953.6100757725884,943.7434428106372,946.0127563476562,12117762,946.0127563476562,-0.013364622663072603,0.010860685525422848,0.17240803780768635
2025-06-16 00:00:00+05:30,949.1700746468088,956.520728121515,947.2460692080248,954.7940673828124,16513746,954.7940673828124,0.009239627507300107,0.010901689664729009,0.17305895833965645
2025-06-17 00:00:00+05:30,955.5834055099792,957.852719054467,946.75275693574,951.9327392578124,16978736,951.9327392578124,-0.0030013007242483286,0.01090490503343696,0.17311000073550414
2025-06-18 00:00:00+05:30,945.7167603313338,955.2380851367438,945.7167603313338,954.0540771484376,18433816,954.0540771484376,0.0022259742284617347,0.010829342414594325,0.17191048134828188
2025-06-19 00:00:00+05:30,954.0540746334422,960.4180648603084,949.9593979158448,954.7447509765624,16876220,954.7447509765624,0.0007236738079366385,0.01070668091500855,0.1699632904082046
2025-06-20 00:00:00+05:30,952.9193918485256,971.8140179089728,952.9193918485256,969.2486572265624,32900408,969.2486572265624,0.015077162884722892,0.010319904191739672,0.1638234002721372
2025-06-23 00:00:00+05:30,961.2073364257812,965.8939867961492,957.9513597916496,961.2073364257812,11739518,961.2073364257812,-0.008331054773737757,0.00825447489856598,0.13103572671018418
2025-06-24 00:00:00+05:30,969.3966711141704,976.3033140635844,964.7593416610488,967.3740234375,22625322,967.3740234375,0.006395071690099663,0.007625778372410029,0.121055478760151
2025-06-25 00:00:00+05:30,969.8900392545884,977.7833457795492,968.854054817417,976.8953247070312,18405932,976.8953247070312,0.009794298708670534,0.007686628868651034,0.12202145044140243
2025-06-26 00:00:00+05:30,977.4873577522008,1000.032590400823,976.7966813877978,997.41796875,50084830,997.41796875,0.020790401738845717,0.008255970320737575,0.13105946580121072
2025-06-27 00:00:00+05:30,1004.0015037809444,1007.393088107433,994.2258430942326,1004.9491577148438,28213384,1004.9491577148438,0.007522321334749699,0.008326200015296596,0.1321743276399419
2025-06-30 00:00:00+05:30,1003.2533964547342,1004.400566128524,995.2732550959096,998.2658081054688,13649020,998.2658081054688,-0.0066726482389324465,0.008465325762511407,0.13438288040852048
2025-07-01 00:00:00+05:30,1000.0114368496796,1005.4977838847652,999.5126780283082,1003.5526123046876,14389386,1003.5526123046876,0.005282014029829151,0.008078936083298195,0.12824913440635938
2025-07-02 00:00:00+05:30,1007.4429706558584,1007.4429706558584,986.4950998423908,990.5350341796876,18878250,990.5350341796876,-0.01305635995627534,0.008489609123803062,0.13476836681836718
2025-07-03 00:00:00+05:30,994.9739612315548,1001.507689459166,989.6871300276722,991.0836181640624,16860506,991.0836181640624,0.000553672622873414,0.008439684525075113,0.1339758383831341
2025-07-04 00:00:00+05:30,991.0836632772651,999.2633203019868,987.5424877454124,992.1809692382812,7863944,992.1809692382812,0.0011066109818857989,0.008373264076878882,0.13292144645575404
2025-07-07 00:00:00+05:30,992.031278290642,996.7196233059492,989.4377568185034,991.2332763671876,11349426,991.2332763671876,-0.0009556177639776294,0.008373491409302457,0.13292505524610038
2025-07-08 00:00:00+05:30,986.0462146584524,1000.0114620081928,986.0462146584524,998.2159423828124,15224316,998.2159423828124,0.007019726488388212,0.008285971263130252,0.1315357159972223
2025-07-09 00:00:00+05:30,1001.0089360727128,1004.4005203490876,996.5699704674604,1003.1036987304688,13861428,1003.1036987304688,0.004884543143661067,0.008285172840535739,0.131523041431465
2025-07-10 00:00:00+05:30,1005.4977851253348,1005.9965439473216,997.5176439735465,1000.6099243164062,17030310,1000.6099243164062,-0.002489153812175624,0.008322731639474452,0.1321192688806697
2025-07-11 00:00:00+05:30,996.5201541247732,999.91173856234,987.9913902076418,989.3878784179688,12516922,989.3878784179688,-0.011278570099119803,0.00853061314147084,0.1354192854193878
2025-07-14 00:00:00+05:30,989.0387573242188,991.8816582943851,982.8541356715338,989.0387573242188,13088850,989.0387573242188,-0.00035292801973708026,0.008413455964547022,0.13355947289270692
2025-07-15 00:00:00+05:30,984.0511806165924,999.31318877786,984.0511806165924,995.2732543945312,14498168,995.2732543945312,0.006283807736098982,0.008404953764047951,0.1334245046440028
2025-07-16 00:00:00+05:30,1006.4952830829004,1008.8394251469304,993.826797075495,995.6722412109376,17994612,995.6722412109376,0.00040080135054242397,0.008301518415917673,0.13178251939644617
2025-07-17 00:00:00+05:30,999.5126501495852,999.9116815490104,988.8890631972324,990.98388671875,22529158,990.98388671875,-0.00471985375810079,0.008351971231559258,0.1325834330152299
2025-07-18 00:00:00+05:30,990.9838927216936,996.021344530824,974.0759568696542,976.2705078125,16129446,976.2705078125,-0.014958566924579935,0.008421940274021319,0.1336941571301975
2025-07-21 00:00:00+05:30,986.6446826643672,998.5151670456409,985.7968170158388,997.7670288085938,22309078,997.7670288085938,0.021780103337607222,0.009313448499429415,0.1478464114673875
2025-07-22 00:00:00+05:30,1004.051390877723,1006.4953213272488,999.0139388595042,1001.058837890625,14836814,1001.058837890625,0.003293745706293776,0.009211111877782728,0.14622186796203765
2025-07-23 00:00:00+05:30,1003.0039954915454,1012.3806857402004,999.0139248978444,1009.6375122070312,13634916,1009.6375122070312,0.00853308991148594,0.009158141813256247,0.145380994256029
2025-07-24 00:00:00+05:30,1016.320807677376,1016.320807677376,1001.7072110041944,1004.5999755859376,19107176,1004.5999755859376,-0.005001939597123496,0.009189225011828348,0.1458744247362743
2025-07-25 00:00:00+05:30,1007.5,1007.5,999.5,1002.2999877929688,9306598,1002.2999877929688,-0.0022920811618711494,0.008782579491292263,0.13941912722169295
2025-07-28 00:00:00+05:30,1001.5,1010.7000122070312,1000.25,1004.25,12059580,1004.25,0.0019436473875905384,0.008673427951514205,0.13768640024485784
2025-07-29 00:00:00+05:30,999.9500122070312,1013.25,998.1500244140624,1010.7999877929688,19895696,1010.7999877929688,0.006501090198043673,0.00866995800502925,0.1376313165520865
2025-07-30 00:00:00+05:30,1014.0,1016.2999877929688,1008.5,1012.9000244140624,15154036,1012.9000244140624,0.002075443358448016,0.008669866332398123,0.13762986129418253
2025-07-31 00:00:00+05:30,1007.2999877929688,1015.7000122070312,1004.0,1009.0999755859376,22183032,1009.0999755859376,-0.0037587075192983175,0.008730941357049046,0.13859939725344342
2025-08-01 00:00:00+05:30,1007.0,1014.1500244140624,1004.6500244140624,1006.0999755859376,11317258,1006.0999755859376,-0.0029773742446197477,0.008403559479073883,0.13340237105621397
2025-08-04 00:00:00+05:30,1005.0499877929688,1009.25,994.0499877929688,996.0,13933946,996.0,-0.010089467447366886,0.008478444809747437,0.13459113882706833
2025-08-05 00:00:00+05:30,993.25,997.2000122070312,982.75,988.7999877929688,23978058,988.7999877929688,-0.007255183226470612,0.00855514386437979,0.1358086985731741
2025-08-06 00:00:00+05:30,985.5499877929688,994.0,985.0,992.6500244140624,14080204,992.6500244140624,0.003886084879794243,0.008405996645439959,0.13344105987286395
2025-08-07 00:00:00+05:30,990.0499877929688,1000.7999877929688,988.4000244140624,997.7000122070312,13081186,997.7000122070312,0.005074482916711569,0.0075457259249138275,0.11978468555264898
2025-08-08 00:00:00+05:30,993.5499877929688,996.4000244140624,985.0,986.9500122070312,13895264,986.9500122070312,-0.010833250197197797,0.007658870192449178,0.12158079511767556
2025-08-11 00:00:00+05:30,987.9500122070312,998.7999877929688,986.5499877929688,997.7999877929688,9105854,997.7999877929688,0.010933451235555128,0.007849855980169287,0.12461260050720666
2025-08-12 00:00:00+05:30,995.9500122070312,998.0,983.75,984.9500122070312,12937802,984.9500122070312,-0.012961952337072294,0.008127087622647206,0.1290135163965339
2025-08-13 00:00:00+05:30,997.0,997.0,984.5499877929688,990.1500244140624,13577396,990.1500244140624,0.005265580603903678,0.007844082970752127,0.12452095682380121
2025-08-14 00:00:00+05:30,989.0,998.0,985.5999755859376,995.5499877929688,17511716,995.5499877929688,0.005438864538625891,0.007906708838836015,0.12551511165933824
2025-08-18 00:00:00+05:30,1005.0,1013.2999877929688,997.7999877929688,1001.7999877929688,19284796,1001.7999877929688,0.006258312739970117,0.007983772840660597,0.12673846476251788
2025-08-19 00:00:00+05:30,999.1500244140624,1003.0499877929688,993.3499755859376,995.5499877929688,12352438,995.5499877929688,-0.006258312739970005,0.008071245173279866,0.12812704499477373
2025-08-20 00:00:00+05:30,993.5,996.0,989.5,994.0999755859376,9950228,994.0999755859376,-0.0014575553393093718,0.007970015408967964,0.1265200723048919
2025-08-21 00:00:00+05:30,998.75,998.75,991.5999755859376,995.5999755859376,12439850,995.5999755859376,0.0015077653123386767,0.007920330832689292,0.12573135410791797
2025-08-22 00:00:00+05:30,994.9500122070312,998.0,978.5499877929688,982.2999877929688,19833502,982.2999877929688,-0.013448797717642742,0.00827210086890393,0.13131553031496668
2025-08-25 00:00:00+05:30,980.0999755859376,988.7000122070312,978.5,982.0499877929688,17518044,982.0499877929688,-0.0002545371287773642,0.00802320468016634,0.12736442580893795
2025-08-26 00:00:00+05:30,979.5,985.7000122070312,968.0,973.4000244140624,16917731,973.4000244140624,-0.008847088644480965,0.008175464719802707,0.1297814790058819
2025-08-28 00:00:00+05:30,967.0,972.2000122070312,955.0,957.7999877929688,25438255,957.7999877929688,-0.016156147316932188,0.008548471305262102,0.13570277498097144
2025-08-29 00:00:00+05:30,954.0,963.2999877929688,950.0999755859376,951.5999755859376,14823813,951.5999755859376,-0.006494222390645409,0.008594309964561245,0.13643044113860034
2025-09-01 00:00:00+05:30,949.5999755859376,957.4500122070312,946.3499755859376,950.5999755859376,20178344,950.5999755859376,-0.0010514142758825636,0.008573123190630385,0.13609411152917153
2025-09-02 00:00:00+05:30,951.0,954.7999877929688,944.0,944.5,14196320,944.5,-0.006437651555552127,0.008242767721872957,0.1308498810416776
2025-09-03 00:00:00+05:30,945.0,956.2999877929688,940.0,954.4500122070312,16083481,954.4500122070312,0.010479584194943868,0.007373346665014291,0.11704824963537173
2025-09-04 00:00:00+05:30,960.2000122070312,965.7000122070312,956.25,961.25,17597657,961.25,0.007099249683345509,0.007490106615801637,0.11890175639262447
2025-09-05 00:00:00+05:30,967.5,967.5,954.0499877929688,963.4000244140624,11602111,963.4000244140624,0.0022341987178300577,0.007289019864689355,0.11570960318026624
2025-09-08 00:00:00+05:30,969.0,973.1500244140624,960.4500122070312,966.0,11711307,966.0,0.0026951146748342507,0.007299241163987737,0.1158718612763831
2025-09-09 00:00:00+05:30,974.0,974.4000244140624,962.7000122070312,965.1500244140624,13985539,965.1500244140624,-0.0008802792430195731,0.007297215459234456,0.11583970421034218
2025-09-10 00:00:00+05:30,973.9000244140624,973.9000244140624,961.7000122070312,965.9000244140624,18091100,965.9000244140624,0.0007767794917245168,0.00728265152641394,0.11560850894421734
2025-09-11 00:00:00+05:30,960.2999877929688,969.25,959.9000244140624,967.7999877929688,15113633,967.7999877929688,0.0019651072848197114,0.007161224215586348,0.11368091014329046
2025-09-12 00:00:00+05:30,969.9000244140624,970.75,962.25,967.2999877929688,14363519,967.2999877929688,-0.0005167691772366834,0.007132813613753661,0.11322990582100866
2025-09-15 00:00:00+05:30,969.5999755859376,972.3499755859376,965.0,967.0499877929688,14486377,967.0499877929688,-0.0002584847670249008,0.007123814844692236,0.11308705479075527
2025-09-16 00:00:00+05:30,961.2000122070312,969.3499755859376,961.2000122070312,966.8499755859376,18661794,966.8499755859376,-0.0002068485563181499,0.007120870723970999,0.11304031832320639
2025-09-17 00:00:00+05:30,965.1500244140624,974.4000244140624,964.3499755859376,966.5,17361476,966.5,-0.0003620405970773116,0.006926915615458527,0.1099613764273991
2025-09-18 00:00:00+05:30,973.2999877929688,979.6500244140624,969.25,976.9000244140624,17791598,976.9000244140624,0.01070301900187378,0.007140571407993224,0.11335305698669042
2025-09-19 00:00:00+05:30,974.9000244140624,976.7000122070312,962.0999755859376,966.9000244140624,31243267,966.9000244140624,-0.010289214910926055,0.0073138302759501546,0.11610345624899411
2025-09-22 00:00:00+05:30,964.0,971.2000122070312,961.9500122070312,964.2000122070312,10854415,964.2000122070312,-0.0027963481075426702,0.00723374318275952,0.11483211305814327
2025-09-23 00:00:00+05:30,967.0,968.2000122070312,955.5,957.2000122070312,21022298,957.2000122070312,-0.007286385844719131,0.007097529650255862,0.11266979026490552
2025-09-24 00:00:00+05:30,952.2000122070312,956.4500122070312,943.0,951.0499877929688,15117220,951.0499877929688,-0.006445744223541752,0.006790842141146568,0.10780127698902722
2025-09-25 00:00:00+05:30,952.5,958.0,947.4000244140624,949.8499755859376,31413279,949.8499755859376,-0.0012625728755433245,0.006442844745050401,0.10227698958721625
2025-09-26 00:00:00+05:30,945.0999755859376,951.4500122070312,941.2999877929688,945.0499877929688,14874656,945.0499877929688,-0.005066228457831146,0.006360398527277121,0.1009681964546204
2025-09-29 00:00:00+05:30,946.0499877929688,956.7999877929688,939.0999755859376,950.2999877929688,32398179,950.2999877929688,0.005539888141663976,0.006364254049423295,0.10102940097125888
2025-09-30 00:00:00+05:30,958.0499877929688,960.0,946.2999877929688,951.0,28296687,951.0,0.0007363511735709744,0.006208567279488298,0.0985579501172333
2025-10-01 00:00:00+05:30,952.7000122070312,969.5999755859376,946.0,965.25,25350832,965.25,0.014873072598955338,0.006843853154826529,0.10864280074269494
2025-10-03 00:00:00+05:30,952.0,966.75,952.0,965.1500244140624,26658296,965.1500244140624,-0.00010358017484728787,0.006845402525186241,0.10866739623465815
2025-10-06 00:00:00+05:30,971.9000244140624,977.4000244140624,962.0,973.4500122070312,18542683,973.4500122070312,0.008562919995388246,0.007052068044683258,0.11194810964962461
2025-10-07 00:00:00+05:30,974.0,989.8499755859376,971.0,982.5,25535736,982.5,0.009253868778529777,0.006857803005117995,0.10886424775088176
2025-10-08 00:00:00+05:30,976.0,985.9000244140624,974.5499877929688,978.7000122070312,15939710,978.7000122070312,-0.00387517083894284,0.006894322342312671,0.1094439742564539
2025-10-09 00:00:00+05:30,974.5,979.0,970.1500244140624,977.0999755859376,15370950,977.0999755859376,-0.0016361969404238177,0.006702378184998961,0.10639695522127027
2025-10-10 00:00:00+05:30,979.0,986.2000122070312,978.0999755859376,980.9000244140624,13757080,980.9000244140624,0.0038815664956707205,0.00598367927752026,0.0949879637609355
2025-10-13 00:00:00+05:30,974.2999877929688,981.0,972.0,977.0,18634254,977.0,-0.003983890416937799,0.005895135837321835,0.09358238022298859
2025-10-14 00:00:00+05:30,970.0,980.4500122070312,967.0,977.1500244140624,22934382,977.1500244140624,0.00015354441827179985,0.005885633637206646,0.09343153747251204
2025-10-15 00:00:00+05:30,975.0,984.9000244140624,973.3499755859376,978.25,23310447,978.25,0.0011250646294673273,0.005719317342692828,0.090791348146944
2025-10-16 00:00:00+05:30,982.6500244140624,996.5999755859376,981.5,994.3499755859376,22936566,994.3499755859376,0.016323971712202553,0.006131994509805788,0.09734239508255721
2025-10-17 00:00:00+05:30,993.9500122070312,1009.0,986.0,1002.5499877929688,25210511,1002.5499877929688,0.008212788270005947,0.006171146156801481,0.09796390821077237
2025-10-20 00:00:00+05:30,997.0,1020.0,997.0,1002.9500122070312,22195202,1002.9500122070312,0.0003989273691025967,0.0061717111733275145,0.09797287757005953
2025-10-21 00:00:00+05:30,1006.0,1010.0,1004.0,1007.7000122070312,3471600,1007.7000122070312,0.004724848958278983,0.006198135769899759,0.09839235503621174
2025-10-23 00:00:00+05:30,1016.0,1020.5,1006.0,1008.7999877929688,43526526,1008.7999877929688,0.0010909751500512315,0.006183464022022975,0.09815944825912808
2025-10-24 00:00:00+05:30,1011.0,1011.9500122070312,991.2999877929688,994.75,17707768,994.75,-0.014025323243125259,0.006800796433115636,0.10795929647519452
2025-10-27 00:00:00+05:30,996.5,1009.0499877929688,996.2000122070312,1002.9500122070312,15700796,1002.9500122070312,0.00820949913479487,0.006926353104341363,0.10995244684024476
2025-10-28 00:00:00+05:30,997.6500244140624,1008.0,995.0,1003.5499877929688,33904289,1003.5499877929688,0.0005980319998193954,0.006919872462030423,0.10984956983290049
2025-10-29 00:00:00+05:30,1004.9000244140624,1012.5,1000.0,1007.8499755859376,17769445,1007.8499755859376,0.004275623368711274,0.006935820396193792,0.11010273543922952
2025-10-30 00:00:00+05:30,1000.0,1009.5,997.0999755859376,998.1500244140624,19962917,998.1500244140624,-0.009671013732389103,0.007219790756856546,0.11461062516339132
2025-10-31 00:00:00+05:30,994.0,1004.4500122070312,981.1500244140624,987.2999877929688,23221330,987.2999877929688,-0.010929657824625395,0.007542261703738931,0.11972969274635717
2025-11-03 00:00:00+05:30,985.0,994.5499877929688,983.2999877929688,992.6500244140624,16607180,992.6500244140624,0.005404226984572775,0.007360009525089177,0.11683652910271539
2025-11-04 00:00:00+05:30,987.0,997.0,983.7000122070312,985.25,20024544,985.25,-0.007482743162808981,0.007234474476073077,0.11484372197960196
2025-11-05 00:00:00+05:30,985.25,985.25,985.25,985.25,0,985.25,0.0,0.007206811858775771,0.114404591543711
2025-11-06 00:00:00+05:30,981.0,991.0499877929688,974.0,984.6500244140624,22279516,984.6500244140624,-0.0006091432022476679,0.007052477397283936,0.1119546079207042
2025-11-07 00:00:00+05:30,980.0,984.9000244140624,974.75,982.2999877929688,15004568,982.2999877929688,-0.0023895246190305777,0.006943997126917533,0.11023253701542489
2025-11-10 00:00:00+05:30,982.2999877929688,990.9500122070312,980.2000122070312,984.5,15988262,984.5,0.0022371498253452933,0.006932713976824587,0.11005342256051678
2025-11-11 00:00:00+05:30,983.5,993.5,978.0,991.7000122070312,10200530,991.7000122070312,0.007286756422096674,0.00691487586823828,0.10977025136544197
2025-11-12 00:00:00+05:30,998.7999877929688,999.0,987.7000122070312,989.5,13137263,989.5,-0.0022208894586564537,0.0069077995801958775,0.10965791877524804
2025-11-13 00:00:00+05:30,984.0,990.0999755859376,982.5999755859376,986.6500244140624,14124839,986.6500244140624,-0.002884373682785691,0.006950342856020478,0.11033327234198755
2025-11-14 00:00:00+05:30,976.0499877929688,991.6500244140624,976.0499877929688,989.5999755859376,21386965,989.5999755859376,0.002985405047806226,0.0064676115426590755,0.10267015031068037
2025-11-17 00:00:00+05:30,991.25,997.9500122070312,985.5999755859376,996.5499877929688,18396408,996.5499877929688,0.006998505351814488,0.006561541740637131,0.10416124597737436
2025-11-18 00:00:00+05:30,997.6500244140624,999.0,990.0,992.4500122070312,20002640,992.4500122070312,-0.004122656000973203,0.006469945145492615,0.10270719510721842
2025-11-19 00:00:00+05:30,990.0,996.5499877929688,984.0,994.5999755859376,19813847,994.5999755859376,0.0021639759755417475,0.006271048025002379,0.09954980120339434
2025-11-20 00:00:00+05:30,995.2999877929688,1011.5999755859376,992.4500122070312,1008.8499755859376,19850865,1008.8499755859376,0.014225701326769525,0.006700789590413423,0.10637173706402567
